<customers>
    <customer id="524" store_id="1" first_name="Jared" last_name="Ely"
        email="jared.ely@sakilacustomer.org" address_id="530" active="t" />
    <customer id="1" store_id="1" first_name="Mary" last_name="Smith"
        email="mary.smith@sakilacustomer.org" address_id="5" active="t" />
    <customer id="2" store_id="1" first_name="Patricia" last_name="Johnson"
        email="patricia.johnson@sakilacustomer.org" address_id="6" active="t" />
    <customer id="3" store_id="1" first_name="Linda" last_name="Williams"
        email="linda.williams@sakilacustomer.org" address_id="7" active="t" />
    <customer id="4" store_id="2" first_name="Barbara" last_name="Jones"
        email="barbara.jones@sakilacustomer.org" address_id="8" active="t" />
    <customer id="5" store_id="1" first_name="Elizabeth" last_name="Brown"
        email="elizabeth.brown@sakilacustomer.org" address_id="9" active="t" />
    <customer id="6" store_id="2" first_name="Jennifer" last_name="Davis"
        email="jennifer.davis@sakilacustomer.org" address_id="10" active="t" />
    <customer id="7" store_id="1" first_name="Maria" last_name="Miller"
        email="maria.miller@sakilacustomer.org" address_id="11" active="t" />
    <customer id="8" store_id="2" first_name="Susan" last_name="Wilson"
        email="susan.wilson@sakilacustomer.org" address_id="12" active="t" />
    <customer id="9" store_id="2" first_name="Margaret" last_name="Moore"
        email="margaret.moore@sakilacustomer.org" address_id="13" active="t" />
    <customer id="10" store_id="1" first_name="Dorothy" last_name="Taylor"
        email="dorothy.taylor@sakilacustomer.org" address_id="14" active="t" />
    <customer id="11" store_id="2" first_name="Lisa" last_name="Anderson"
        email="lisa.anderson@sakilacustomer.org" address_id="15" active="t" />
    <customer id="12" store_id="1" first_name="Nancy" last_name="Thomas"
        email="nancy.thomas@sakilacustomer.org" address_id="16" active="t" />
    <customer id="13" store_id="2" first_name="Karen" last_name="Jackson"
        email="karen.jackson@sakilacustomer.org" address_id="17" active="t" />
    <customer id="14" store_id="2" first_name="Betty" last_name="White"
        email="betty.white@sakilacustomer.org" address_id="18" active="t" />
    <customer id="15" store_id="1" first_name="Helen" last_name="Harris"
        email="helen.harris@sakilacustomer.org" address_id="19" active="t" />
    <customer id="16" store_id="2" first_name="Sandra" last_name="Martin"
        email="sandra.martin@sakilacustomer.org" address_id="20" active="t" />
    <customer id="17" store_id="1" first_name="Donna" last_name="Thompson"
        email="donna.thompson@sakilacustomer.org" address_id="21" active="t" />
    <customer id="18" store_id="2" first_name="Carol" last_name="Garcia"
        email="carol.garcia@sakilacustomer.org" address_id="22" active="t" />
    <customer id="19" store_id="1" first_name="Ruth" last_name="Martinez"
        email="ruth.martinez@sakilacustomer.org" address_id="23" active="t" />
    <customer id="20" store_id="2" first_name="Sharon" last_name="Robinson"
        email="sharon.robinson@sakilacustomer.org" address_id="24" active="t" />
    <customer id="21" store_id="1" first_name="Michelle" last_name="Clark"
        email="michelle.clark@sakilacustomer.org" address_id="25" active="t" />
    <customer id="22" store_id="1" first_name="Laura" last_name="Rodriguez"
        email="laura.rodriguez@sakilacustomer.org" address_id="26" active="t" />
    <customer id="23" store_id="2" first_name="Sarah" last_name="Lewis"
        email="sarah.lewis@sakilacustomer.org" address_id="27" active="t" />
    <customer id="24" store_id="2" first_name="Kimberly" last_name="Lee"
        email="kimberly.lee@sakilacustomer.org" address_id="28" active="t" />
    <customer id="25" store_id="1" first_name="Deborah" last_name="Walker"
        email="deborah.walker@sakilacustomer.org" address_id="29" active="t" />
    <customer id="26" store_id="2" first_name="Jessica" last_name="Hall"
        email="jessica.hall@sakilacustomer.org" address_id="30" active="t" />
    <customer id="27" store_id="2" first_name="Shirley" last_name="Allen"
        email="shirley.allen@sakilacustomer.org" address_id="31" active="t" />
    <customer id="28" store_id="1" first_name="Cynthia" last_name="Young"
        email="cynthia.young@sakilacustomer.org" address_id="32" active="t" />
    <customer id="29" store_id="2" first_name="Angela" last_name="Hernandez"
        email="angela.hernandez@sakilacustomer.org" address_id="33" active="t" />
    <customer id="30" store_id="1" first_name="Melissa" last_name="King"
        email="melissa.king@sakilacustomer.org" address_id="34" active="t" />
    <customer id="31" store_id="2" first_name="Brenda" last_name="Wright"
        email="brenda.wright@sakilacustomer.org" address_id="35" active="t" />
    <customer id="32" store_id="1" first_name="Amy" last_name="Lopez"
        email="amy.lopez@sakilacustomer.org" address_id="36" active="t" />
    <customer id="33" store_id="2" first_name="Anna" last_name="Hill"
        email="anna.hill@sakilacustomer.org" address_id="37" active="t" />
    <customer id="34" store_id="2" first_name="Rebecca" last_name="Scott"
        email="rebecca.scott@sakilacustomer.org" address_id="38" active="t" />
    <customer id="35" store_id="2" first_name="Virginia" last_name="Green"
        email="virginia.green@sakilacustomer.org" address_id="39" active="t" />
    <customer id="36" store_id="2" first_name="Kathleen" last_name="Adams"
        email="kathleen.adams@sakilacustomer.org" address_id="40" active="t" />
    <customer id="37" store_id="1" first_name="Pamela" last_name="Baker"
        email="pamela.baker@sakilacustomer.org" address_id="41" active="t" />
    <customer id="38" store_id="1" first_name="Martha" last_name="Gonzalez"
        email="martha.gonzalez@sakilacustomer.org" address_id="42" active="t" />
    <customer id="39" store_id="1" first_name="Debra" last_name="Nelson"
        email="debra.nelson@sakilacustomer.org" address_id="43" active="t" />
    <customer id="40" store_id="2" first_name="Amanda" last_name="Carter"
        email="amanda.carter@sakilacustomer.org" address_id="44" active="t" />
    <customer id="41" store_id="1" first_name="Stephanie" last_name="Mitchell"
        email="stephanie.mitchell@sakilacustomer.org" address_id="45" active="t" />
    <customer id="42" store_id="2" first_name="Carolyn" last_name="Perez"
        email="carolyn.perez@sakilacustomer.org" address_id="46" active="t" />
    <customer id="43" store_id="2" first_name="Christine" last_name="Roberts"
        email="christine.roberts@sakilacustomer.org" address_id="47" active="t" />
    <customer id="44" store_id="1" first_name="Marie" last_name="Turner"
        email="marie.turner@sakilacustomer.org" address_id="48" active="t" />
    <customer id="45" store_id="1" first_name="Janet" last_name="Phillips"
        email="janet.phillips@sakilacustomer.org" address_id="49" active="t" />
    <customer id="46" store_id="2" first_name="Catherine" last_name="Campbell"
        email="catherine.campbell@sakilacustomer.org" address_id="50" active="t" />
    <customer id="47" store_id="1" first_name="Frances" last_name="Parker"
        email="frances.parker@sakilacustomer.org" address_id="51" active="t" />
    <customer id="48" store_id="1" first_name="Ann" last_name="Evans"
        email="ann.evans@sakilacustomer.org" address_id="52" active="t" />
    <customer id="49" store_id="2" first_name="Joyce" last_name="Edwards"
        email="joyce.edwards@sakilacustomer.org" address_id="53" active="t" />
    <customer id="50" store_id="1" first_name="Diane" last_name="Collins"
        email="diane.collins@sakilacustomer.org" address_id="54" active="t" />
    <customer id="51" store_id="1" first_name="Alice" last_name="Stewart"
        email="alice.stewart@sakilacustomer.org" address_id="55" active="t" />
    <customer id="52" store_id="1" first_name="Julie" last_name="Sanchez"
        email="julie.sanchez@sakilacustomer.org" address_id="56" active="t" />
    <customer id="53" store_id="1" first_name="Heather" last_name="Morris"
        email="heather.morris@sakilacustomer.org" address_id="57" active="t" />
    <customer id="54" store_id="1" first_name="Teresa" last_name="Rogers"
        email="teresa.rogers@sakilacustomer.org" address_id="58" active="t" />
    <customer id="55" store_id="2" first_name="Doris" last_name="Reed"
        email="doris.reed@sakilacustomer.org" address_id="59" active="t" />
    <customer id="56" store_id="1" first_name="Gloria" last_name="Cook"
        email="gloria.cook@sakilacustomer.org" address_id="60" active="t" />
    <customer id="57" store_id="2" first_name="Evelyn" last_name="Morgan"
        email="evelyn.morgan@sakilacustomer.org" address_id="61" active="t" />
    <customer id="58" store_id="1" first_name="Jean" last_name="Bell"
        email="jean.bell@sakilacustomer.org" address_id="62" active="t" />
    <customer id="59" store_id="1" first_name="Cheryl" last_name="Murphy"
        email="cheryl.murphy@sakilacustomer.org" address_id="63" active="t" />
    <customer id="60" store_id="1" first_name="Mildred" last_name="Bailey"
        email="mildred.bailey@sakilacustomer.org" address_id="64" active="t" />
    <customer id="61" store_id="2" first_name="Katherine" last_name="Rivera"
        email="katherine.rivera@sakilacustomer.org" address_id="65" active="t" />
    <customer id="62" store_id="1" first_name="Joan" last_name="Cooper"
        email="joan.cooper@sakilacustomer.org" address_id="66" active="t" />
    <customer id="63" store_id="1" first_name="Ashley" last_name="Richardson"
        email="ashley.richardson@sakilacustomer.org" address_id="67" active="t" />
    <customer id="64" store_id="2" first_name="Judith" last_name="Cox"
        email="judith.cox@sakilacustomer.org" address_id="68" active="t" />
    <customer id="65" store_id="2" first_name="Rose" last_name="Howard"
        email="rose.howard@sakilacustomer.org" address_id="69" active="t" />
    <customer id="66" store_id="2" first_name="Janice" last_name="Ward"
        email="janice.ward@sakilacustomer.org" address_id="70" active="t" />
    <customer id="67" store_id="1" first_name="Kelly" last_name="Torres"
        email="kelly.torres@sakilacustomer.org" address_id="71" active="t" />
    <customer id="68" store_id="1" first_name="Nicole" last_name="Peterson"
        email="nicole.peterson@sakilacustomer.org" address_id="72" active="t" />
    <customer id="69" store_id="2" first_name="Judy" last_name="Gray"
        email="judy.gray@sakilacustomer.org" address_id="73" active="t" />
    <customer id="70" store_id="2" first_name="Christina" last_name="Ramirez"
        email="christina.ramirez@sakilacustomer.org" address_id="74" active="t" />
    <customer id="71" store_id="1" first_name="Kathy" last_name="James"
        email="kathy.james@sakilacustomer.org" address_id="75" active="t" />
    <customer id="72" store_id="2" first_name="Theresa" last_name="Watson"
        email="theresa.watson@sakilacustomer.org" address_id="76" active="t" />
    <customer id="73" store_id="2" first_name="Beverly" last_name="Brooks"
        email="beverly.brooks@sakilacustomer.org" address_id="77" active="t" />
    <customer id="74" store_id="1" first_name="Denise" last_name="Kelly"
        email="denise.kelly@sakilacustomer.org" address_id="78" active="t" />
    <customer id="75" store_id="2" first_name="Tammy" last_name="Sanders"
        email="tammy.sanders@sakilacustomer.org" address_id="79" active="t" />
    <customer id="76" store_id="2" first_name="Irene" last_name="Price"
        email="irene.price@sakilacustomer.org" address_id="80" active="t" />
    <customer id="77" store_id="2" first_name="Jane" last_name="Bennett"
        email="jane.bennett@sakilacustomer.org" address_id="81" active="t" />
    <customer id="78" store_id="1" first_name="Lori" last_name="Wood"
        email="lori.wood@sakilacustomer.org" address_id="82" active="t" />
    <customer id="79" store_id="1" first_name="Rachel" last_name="Barnes"
        email="rachel.barnes@sakilacustomer.org" address_id="83" active="t" />
    <customer id="80" store_id="1" first_name="Marilyn" last_name="Ross"
        email="marilyn.ross@sakilacustomer.org" address_id="84" active="t" />
    <customer id="81" store_id="1" first_name="Andrea" last_name="Henderson"
        email="andrea.henderson@sakilacustomer.org" address_id="85" active="t" />
    <customer id="82" store_id="1" first_name="Kathryn" last_name="Coleman"
        email="kathryn.coleman@sakilacustomer.org" address_id="86" active="t" />
    <customer id="83" store_id="1" first_name="Louise" last_name="Jenkins"
        email="louise.jenkins@sakilacustomer.org" address_id="87" active="t" />
    <customer id="84" store_id="2" first_name="Sara" last_name="Perry"
        email="sara.perry@sakilacustomer.org" address_id="88" active="t" />
    <customer id="85" store_id="2" first_name="Anne" last_name="Powell"
        email="anne.powell@sakilacustomer.org" address_id="89" active="t" />
    <customer id="86" store_id="2" first_name="Jacqueline" last_name="Long"
        email="jacqueline.long@sakilacustomer.org" address_id="90" active="t" />
    <customer id="87" store_id="1" first_name="Wanda" last_name="Patterson"
        email="wanda.patterson@sakilacustomer.org" address_id="91" active="t" />
    <customer id="88" store_id="2" first_name="Bonnie" last_name="Hughes"
        email="bonnie.hughes@sakilacustomer.org" address_id="92" active="t" />
    <customer id="89" store_id="1" first_name="Julia" last_name="Flores"
        email="julia.flores@sakilacustomer.org" address_id="93" active="t" />
    <customer id="90" store_id="2" first_name="Ruby" last_name="Washington"
        email="ruby.washington@sakilacustomer.org" address_id="94" active="t" />
    <customer id="91" store_id="2" first_name="Lois" last_name="Butler"
        email="lois.butler@sakilacustomer.org" address_id="95" active="t" />
    <customer id="92" store_id="2" first_name="Tina" last_name="Simmons"
        email="tina.simmons@sakilacustomer.org" address_id="96" active="t" />
    <customer id="93" store_id="1" first_name="Phyllis" last_name="Foster"
        email="phyllis.foster@sakilacustomer.org" address_id="97" active="t" />
    <customer id="94" store_id="1" first_name="Norma" last_name="Gonzales"
        email="norma.gonzales@sakilacustomer.org" address_id="98" active="t" />
    <customer id="95" store_id="2" first_name="Paula" last_name="Bryant"
        email="paula.bryant@sakilacustomer.org" address_id="99" active="t" />
    <customer id="96" store_id="1" first_name="Diana" last_name="Alexander"
        email="diana.alexander@sakilacustomer.org" address_id="100" active="t" />
    <customer id="97" store_id="2" first_name="Annie" last_name="Russell"
        email="annie.russell@sakilacustomer.org" address_id="101" active="t" />
    <customer id="98" store_id="1" first_name="Lillian" last_name="Griffin"
        email="lillian.griffin@sakilacustomer.org" address_id="102" active="t" />
    <customer id="99" store_id="2" first_name="Emily" last_name="Diaz"
        email="emily.diaz@sakilacustomer.org" address_id="103" active="t" />
    <customer id="100" store_id="1" first_name="Robin" last_name="Hayes"
        email="robin.hayes@sakilacustomer.org" address_id="104" active="t" />
    <customer id="101" store_id="1" first_name="Peggy" last_name="Myers"
        email="peggy.myers@sakilacustomer.org" address_id="105" active="t" />
    <customer id="102" store_id="1" first_name="Crystal" last_name="Ford"
        email="crystal.ford@sakilacustomer.org" address_id="106" active="t" />
    <customer id="103" store_id="1" first_name="Gladys" last_name="Hamilton"
        email="gladys.hamilton@sakilacustomer.org" address_id="107" active="t" />
    <customer id="104" store_id="1" first_name="Rita" last_name="Graham"
        email="rita.graham@sakilacustomer.org" address_id="108" active="t" />
    <customer id="105" store_id="1" first_name="Dawn" last_name="Sullivan"
        email="dawn.sullivan@sakilacustomer.org" address_id="109" active="t" />
    <customer id="106" store_id="1" first_name="Connie" last_name="Wallace"
        email="connie.wallace@sakilacustomer.org" address_id="110" active="t" />
    <customer id="107" store_id="1" first_name="Florence" last_name="Woods"
        email="florence.woods@sakilacustomer.org" address_id="111" active="t" />
    <customer id="108" store_id="1" first_name="Tracy" last_name="Cole"
        email="tracy.cole@sakilacustomer.org" address_id="112" active="t" />
    <customer id="109" store_id="2" first_name="Edna" last_name="West"
        email="edna.west@sakilacustomer.org" address_id="113" active="t" />
    <customer id="110" store_id="2" first_name="Tiffany" last_name="Jordan"
        email="tiffany.jordan@sakilacustomer.org" address_id="114" active="t" />
    <customer id="111" store_id="1" first_name="Carmen" last_name="Owens"
        email="carmen.owens@sakilacustomer.org" address_id="115" active="t" />
    <customer id="112" store_id="2" first_name="Rosa" last_name="Reynolds"
        email="rosa.reynolds@sakilacustomer.org" address_id="116" active="t" />
    <customer id="113" store_id="2" first_name="Cindy" last_name="Fisher"
        email="cindy.fisher@sakilacustomer.org" address_id="117" active="t" />
    <customer id="114" store_id="2" first_name="Grace" last_name="Ellis"
        email="grace.ellis@sakilacustomer.org" address_id="118" active="t" />
    <customer id="115" store_id="1" first_name="Wendy" last_name="Harrison"
        email="wendy.harrison@sakilacustomer.org" address_id="119" active="t" />
    <customer id="116" store_id="1" first_name="Victoria" last_name="Gibson"
        email="victoria.gibson@sakilacustomer.org" address_id="120" active="t" />
    <customer id="117" store_id="1" first_name="Edith" last_name="Mcdonald"
        email="edith.mcdonald@sakilacustomer.org" address_id="121" active="t" />
    <customer id="118" store_id="1" first_name="Kim" last_name="Cruz"
        email="kim.cruz@sakilacustomer.org" address_id="122" active="t" />
    <customer id="119" store_id="1" first_name="Sherry" last_name="Marshall"
        email="sherry.marshall@sakilacustomer.org" address_id="123" active="t" />
    <customer id="120" store_id="2" first_name="Sylvia" last_name="Ortiz"
        email="sylvia.ortiz@sakilacustomer.org" address_id="124" active="t" />
    <customer id="121" store_id="1" first_name="Josephine" last_name="Gomez"
        email="josephine.gomez@sakilacustomer.org" address_id="125" active="t" />
    <customer id="122" store_id="1" first_name="Thelma" last_name="Murray"
        email="thelma.murray@sakilacustomer.org" address_id="126" active="t" />
    <customer id="123" store_id="2" first_name="Shannon" last_name="Freeman"
        email="shannon.freeman@sakilacustomer.org" address_id="127" active="t" />
    <customer id="124" store_id="1" first_name="Sheila" last_name="Wells"
        email="sheila.wells@sakilacustomer.org" address_id="128" active="t" />
    <customer id="125" store_id="1" first_name="Ethel" last_name="Webb"
        email="ethel.webb@sakilacustomer.org" address_id="129" active="t" />
    <customer id="126" store_id="1" first_name="Ellen" last_name="Simpson"
        email="ellen.simpson@sakilacustomer.org" address_id="130" active="t" />
    <customer id="127" store_id="2" first_name="Elaine" last_name="Stevens"
        email="elaine.stevens@sakilacustomer.org" address_id="131" active="t" />
    <customer id="128" store_id="1" first_name="Marjorie" last_name="Tucker"
        email="marjorie.tucker@sakilacustomer.org" address_id="132" active="t" />
    <customer id="129" store_id="1" first_name="Carrie" last_name="Porter"
        email="carrie.porter@sakilacustomer.org" address_id="133" active="t" />
    <customer id="130" store_id="1" first_name="Charlotte" last_name="Hunter"
        email="charlotte.hunter@sakilacustomer.org" address_id="134" active="t" />
    <customer id="131" store_id="2" first_name="Monica" last_name="Hicks"
        email="monica.hicks@sakilacustomer.org" address_id="135" active="t" />
    <customer id="132" store_id="2" first_name="Esther" last_name="Crawford"
        email="esther.crawford@sakilacustomer.org" address_id="136" active="t" />
    <customer id="133" store_id="1" first_name="Pauline" last_name="Henry"
        email="pauline.henry@sakilacustomer.org" address_id="137" active="t" />
    <customer id="134" store_id="1" first_name="Emma" last_name="Boyd"
        email="emma.boyd@sakilacustomer.org" address_id="138" active="t" />
    <customer id="135" store_id="2" first_name="Juanita" last_name="Mason"
        email="juanita.mason@sakilacustomer.org" address_id="139" active="t" />
    <customer id="136" store_id="2" first_name="Anita" last_name="Morales"
        email="anita.morales@sakilacustomer.org" address_id="140" active="t" />
    <customer id="137" store_id="2" first_name="Rhonda" last_name="Kennedy"
        email="rhonda.kennedy@sakilacustomer.org" address_id="141" active="t" />
    <customer id="138" store_id="1" first_name="Hazel" last_name="Warren"
        email="hazel.warren@sakilacustomer.org" address_id="142" active="t" />
    <customer id="139" store_id="1" first_name="Amber" last_name="Dixon"
        email="amber.dixon@sakilacustomer.org" address_id="143" active="t" />
    <customer id="140" store_id="1" first_name="Eva" last_name="Ramos"
        email="eva.ramos@sakilacustomer.org" address_id="144" active="t" />
    <customer id="141" store_id="1" first_name="Debbie" last_name="Reyes"
        email="debbie.reyes@sakilacustomer.org" address_id="145" active="t" />
    <customer id="142" store_id="1" first_name="April" last_name="Burns"
        email="april.burns@sakilacustomer.org" address_id="146" active="t" />
    <customer id="143" store_id="1" first_name="Leslie" last_name="Gordon"
        email="leslie.gordon@sakilacustomer.org" address_id="147" active="t" />
    <customer id="144" store_id="1" first_name="Clara" last_name="Shaw"
        email="clara.shaw@sakilacustomer.org" address_id="148" active="t" />
    <customer id="145" store_id="1" first_name="Lucille" last_name="Holmes"
        email="lucille.holmes@sakilacustomer.org" address_id="149" active="t" />
    <customer id="146" store_id="1" first_name="Jamie" last_name="Rice"
        email="jamie.rice@sakilacustomer.org" address_id="150" active="t" />
    <customer id="147" store_id="2" first_name="Joanne" last_name="Robertson"
        email="joanne.robertson@sakilacustomer.org" address_id="151" active="t" />
    <customer id="148" store_id="1" first_name="Eleanor" last_name="Hunt"
        email="eleanor.hunt@sakilacustomer.org" address_id="152" active="t" />
    <customer id="149" store_id="1" first_name="Valerie" last_name="Black"
        email="valerie.black@sakilacustomer.org" address_id="153" active="t" />
    <customer id="150" store_id="2" first_name="Danielle" last_name="Daniels"
        email="danielle.daniels@sakilacustomer.org" address_id="154" active="t" />
    <customer id="151" store_id="2" first_name="Megan" last_name="Palmer"
        email="megan.palmer@sakilacustomer.org" address_id="155" active="t" />
    <customer id="152" store_id="1" first_name="Alicia" last_name="Mills"
        email="alicia.mills@sakilacustomer.org" address_id="156" active="t" />
    <customer id="153" store_id="2" first_name="Suzanne" last_name="Nichols"
        email="suzanne.nichols@sakilacustomer.org" address_id="157" active="t" />
    <customer id="154" store_id="2" first_name="Michele" last_name="Grant"
        email="michele.grant@sakilacustomer.org" address_id="158" active="t" />
    <customer id="155" store_id="1" first_name="Gail" last_name="Knight"
        email="gail.knight@sakilacustomer.org" address_id="159" active="t" />
    <customer id="156" store_id="1" first_name="Bertha" last_name="Ferguson"
        email="bertha.ferguson@sakilacustomer.org" address_id="160" active="t" />
    <customer id="157" store_id="2" first_name="Darlene" last_name="Rose"
        email="darlene.rose@sakilacustomer.org" address_id="161" active="t" />
    <customer id="158" store_id="1" first_name="Veronica" last_name="Stone"
        email="veronica.stone@sakilacustomer.org" address_id="162" active="t" />
    <customer id="159" store_id="1" first_name="Jill" last_name="Hawkins"
        email="jill.hawkins@sakilacustomer.org" address_id="163" active="t" />
    <customer id="160" store_id="2" first_name="Erin" last_name="Dunn"
        email="erin.dunn@sakilacustomer.org" address_id="164" active="t" />
    <customer id="161" store_id="1" first_name="Geraldine" last_name="Perkins"
        email="geraldine.perkins@sakilacustomer.org" address_id="165" active="t" />
    <customer id="162" store_id="2" first_name="Lauren" last_name="Hudson"
        email="lauren.hudson@sakilacustomer.org" address_id="166" active="t" />
    <customer id="163" store_id="1" first_name="Cathy" last_name="Spencer"
        email="cathy.spencer@sakilacustomer.org" address_id="167" active="t" />
    <customer id="164" store_id="2" first_name="Joann" last_name="Gardner"
        email="joann.gardner@sakilacustomer.org" address_id="168" active="t" />
    <customer id="165" store_id="2" first_name="Lorraine" last_name="Stephens"
        email="lorraine.stephens@sakilacustomer.org" address_id="169" active="t" />
    <customer id="166" store_id="1" first_name="Lynn" last_name="Payne"
        email="lynn.payne@sakilacustomer.org" address_id="170" active="t" />
    <customer id="167" store_id="2" first_name="Sally" last_name="Pierce"
        email="sally.pierce@sakilacustomer.org" address_id="171" active="t" />
    <customer id="168" store_id="1" first_name="Regina" last_name="Berry"
        email="regina.berry@sakilacustomer.org" address_id="172" active="t" />
    <customer id="169" store_id="2" first_name="Erica" last_name="Matthews"
        email="erica.matthews@sakilacustomer.org" address_id="173" active="t" />
    <customer id="170" store_id="1" first_name="Beatrice" last_name="Arnold"
        email="beatrice.arnold@sakilacustomer.org" address_id="174" active="t" />
    <customer id="171" store_id="2" first_name="Dolores" last_name="Wagner"
        email="dolores.wagner@sakilacustomer.org" address_id="175" active="t" />
    <customer id="172" store_id="1" first_name="Bernice" last_name="Willis"
        email="bernice.willis@sakilacustomer.org" address_id="176" active="t" />
    <customer id="173" store_id="1" first_name="Audrey" last_name="Ray"
        email="audrey.ray@sakilacustomer.org" address_id="177" active="t" />
    <customer id="174" store_id="2" first_name="Yvonne" last_name="Watkins"
        email="yvonne.watkins@sakilacustomer.org" address_id="178" active="t" />
    <customer id="175" store_id="1" first_name="Annette" last_name="Olson"
        email="annette.olson@sakilacustomer.org" address_id="179" active="t" />
    <customer id="176" store_id="1" first_name="June" last_name="Carroll"
        email="june.carroll@sakilacustomer.org" address_id="180" active="t" />
    <customer id="177" store_id="2" first_name="Samantha" last_name="Duncan"
        email="samantha.duncan@sakilacustomer.org" address_id="181" active="t" />
    <customer id="178" store_id="2" first_name="Marion" last_name="Snyder"
        email="marion.snyder@sakilacustomer.org" address_id="182" active="t" />
    <customer id="179" store_id="1" first_name="Dana" last_name="Hart"
        email="dana.hart@sakilacustomer.org" address_id="183" active="t" />
    <customer id="180" store_id="2" first_name="Stacy" last_name="Cunningham"
        email="stacy.cunningham@sakilacustomer.org" address_id="184" active="t" />
    <customer id="181" store_id="2" first_name="Ana" last_name="Bradley"
        email="ana.bradley@sakilacustomer.org" address_id="185" active="t" />
    <customer id="182" store_id="1" first_name="Renee" last_name="Lane"
        email="renee.lane@sakilacustomer.org" address_id="186" active="t" />
    <customer id="183" store_id="2" first_name="Ida" last_name="Andrews"
        email="ida.andrews@sakilacustomer.org" address_id="187" active="t" />
    <customer id="184" store_id="1" first_name="Vivian" last_name="Ruiz"
        email="vivian.ruiz@sakilacustomer.org" address_id="188" active="t" />
    <customer id="185" store_id="1" first_name="Roberta" last_name="Harper"
        email="roberta.harper@sakilacustomer.org" address_id="189" active="t" />
    <customer id="186" store_id="2" first_name="Holly" last_name="Fox"
        email="holly.fox@sakilacustomer.org" address_id="190" active="t" />
    <customer id="187" store_id="2" first_name="Brittany" last_name="Riley"
        email="brittany.riley@sakilacustomer.org" address_id="191" active="t" />
    <customer id="188" store_id="1" first_name="Melanie" last_name="Armstrong"
        email="melanie.armstrong@sakilacustomer.org" address_id="192" active="t" />
    <customer id="189" store_id="1" first_name="Loretta" last_name="Carpenter"
        email="loretta.carpenter@sakilacustomer.org" address_id="193" active="t" />
    <customer id="190" store_id="2" first_name="Yolanda" last_name="Weaver"
        email="yolanda.weaver@sakilacustomer.org" address_id="194" active="t" />
    <customer id="191" store_id="1" first_name="Jeanette" last_name="Greene"
        email="jeanette.greene@sakilacustomer.org" address_id="195" active="t" />
    <customer id="192" store_id="1" first_name="Laurie" last_name="Lawrence"
        email="laurie.lawrence@sakilacustomer.org" address_id="196" active="t" />
    <customer id="193" store_id="2" first_name="Katie" last_name="Elliott"
        email="katie.elliott@sakilacustomer.org" address_id="197" active="t" />
    <customer id="194" store_id="2" first_name="Kristen" last_name="Chavez"
        email="kristen.chavez@sakilacustomer.org" address_id="198" active="t" />
    <customer id="195" store_id="1" first_name="Vanessa" last_name="Sims"
        email="vanessa.sims@sakilacustomer.org" address_id="199" active="t" />
    <customer id="196" store_id="1" first_name="Alma" last_name="Austin"
        email="alma.austin@sakilacustomer.org" address_id="200" active="t" />
    <customer id="197" store_id="2" first_name="Sue" last_name="Peters"
        email="sue.peters@sakilacustomer.org" address_id="201" active="t" />
    <customer id="198" store_id="2" first_name="Elsie" last_name="Kelley"
        email="elsie.kelley@sakilacustomer.org" address_id="202" active="t" />
    <customer id="199" store_id="2" first_name="Beth" last_name="Franklin"
        email="beth.franklin@sakilacustomer.org" address_id="203" active="t" />
    <customer id="200" store_id="2" first_name="Jeanne" last_name="Lawson"
        email="jeanne.lawson@sakilacustomer.org" address_id="204" active="t" />
    <customer id="201" store_id="1" first_name="Vicki" last_name="Fields"
        email="vicki.fields@sakilacustomer.org" address_id="205" active="t" />
    <customer id="202" store_id="2" first_name="Carla" last_name="Gutierrez"
        email="carla.gutierrez@sakilacustomer.org" address_id="206" active="t" />
    <customer id="203" store_id="1" first_name="Tara" last_name="Ryan"
        email="tara.ryan@sakilacustomer.org" address_id="207" active="t" />
    <customer id="204" store_id="1" first_name="Rosemary" last_name="Schmidt"
        email="rosemary.schmidt@sakilacustomer.org" address_id="208" active="t" />
    <customer id="205" store_id="2" first_name="Eileen" last_name="Carr"
        email="eileen.carr@sakilacustomer.org" address_id="209" active="t" />
    <customer id="206" store_id="1" first_name="Terri" last_name="Vasquez"
        email="terri.vasquez@sakilacustomer.org" address_id="210" active="t" />
    <customer id="207" store_id="1" first_name="Gertrude" last_name="Castillo"
        email="gertrude.castillo@sakilacustomer.org" address_id="211" active="t" />
    <customer id="208" store_id="1" first_name="Lucy" last_name="Wheeler"
        email="lucy.wheeler@sakilacustomer.org" address_id="212" active="t" />
    <customer id="209" store_id="2" first_name="Tonya" last_name="Chapman"
        email="tonya.chapman@sakilacustomer.org" address_id="213" active="t" />
    <customer id="210" store_id="2" first_name="Ella" last_name="Oliver"
        email="ella.oliver@sakilacustomer.org" address_id="214" active="t" />
    <customer id="211" store_id="1" first_name="Stacey" last_name="Montgomery"
        email="stacey.montgomery@sakilacustomer.org" address_id="215" active="t" />
    <customer id="212" store_id="2" first_name="Wilma" last_name="Richards"
        email="wilma.richards@sakilacustomer.org" address_id="216" active="t" />
    <customer id="213" store_id="1" first_name="Gina" last_name="Williamson"
        email="gina.williamson@sakilacustomer.org" address_id="217" active="t" />
    <customer id="214" store_id="1" first_name="Kristin" last_name="Johnston"
        email="kristin.johnston@sakilacustomer.org" address_id="218" active="t" />
    <customer id="215" store_id="2" first_name="Jessie" last_name="Banks"
        email="jessie.banks@sakilacustomer.org" address_id="219" active="t" />
    <customer id="216" store_id="1" first_name="Natalie" last_name="Meyer"
        email="natalie.meyer@sakilacustomer.org" address_id="220" active="t" />
    <customer id="217" store_id="2" first_name="Agnes" last_name="Bishop"
        email="agnes.bishop@sakilacustomer.org" address_id="221" active="t" />
    <customer id="218" store_id="1" first_name="Vera" last_name="Mccoy"
        email="vera.mccoy@sakilacustomer.org" address_id="222" active="t" />
    <customer id="219" store_id="2" first_name="Willie" last_name="Howell"
        email="willie.howell@sakilacustomer.org" address_id="223" active="t" />
    <customer id="220" store_id="2" first_name="Charlene" last_name="Alvarez"
        email="charlene.alvarez@sakilacustomer.org" address_id="224" active="t" />
    <customer id="221" store_id="1" first_name="Bessie" last_name="Morrison"
        email="bessie.morrison@sakilacustomer.org" address_id="225" active="t" />
    <customer id="222" store_id="2" first_name="Delores" last_name="Hansen"
        email="delores.hansen@sakilacustomer.org" address_id="226" active="t" />
    <customer id="223" store_id="1" first_name="Melinda" last_name="Fernandez"
        email="melinda.fernandez@sakilacustomer.org" address_id="227" active="t" />
    <customer id="224" store_id="2" first_name="Pearl" last_name="Garza"
        email="pearl.garza@sakilacustomer.org" address_id="228" active="t" />
    <customer id="225" store_id="1" first_name="Arlene" last_name="Harvey"
        email="arlene.harvey@sakilacustomer.org" address_id="229" active="t" />
    <customer id="226" store_id="2" first_name="Maureen" last_name="Little"
        email="maureen.little@sakilacustomer.org" address_id="230" active="t" />
    <customer id="227" store_id="1" first_name="Colleen" last_name="Burton"
        email="colleen.burton@sakilacustomer.org" address_id="231" active="t" />
    <customer id="228" store_id="2" first_name="Allison" last_name="Stanley"
        email="allison.stanley@sakilacustomer.org" address_id="232" active="t" />
    <customer id="229" store_id="1" first_name="Tamara" last_name="Nguyen"
        email="tamara.nguyen@sakilacustomer.org" address_id="233" active="t" />
    <customer id="230" store_id="2" first_name="Joy" last_name="George"
        email="joy.george@sakilacustomer.org" address_id="234" active="t" />
    <customer id="231" store_id="1" first_name="Georgia" last_name="Jacobs"
        email="georgia.jacobs@sakilacustomer.org" address_id="235" active="t" />
    <customer id="232" store_id="2" first_name="Constance" last_name="Reid"
        email="constance.reid@sakilacustomer.org" address_id="236" active="t" />
    <customer id="233" store_id="2" first_name="Lillie" last_name="Kim"
        email="lillie.kim@sakilacustomer.org" address_id="237" active="t" />
    <customer id="234" store_id="1" first_name="Claudia" last_name="Fuller"
        email="claudia.fuller@sakilacustomer.org" address_id="238" active="t" />
    <customer id="235" store_id="1" first_name="Jackie" last_name="Lynch"
        email="jackie.lynch@sakilacustomer.org" address_id="239" active="t" />
    <customer id="236" store_id="1" first_name="Marcia" last_name="Dean"
        email="marcia.dean@sakilacustomer.org" address_id="240" active="t" />
    <customer id="237" store_id="1" first_name="Tanya" last_name="Gilbert"
        email="tanya.gilbert@sakilacustomer.org" address_id="241" active="t" />
    <customer id="238" store_id="1" first_name="Nellie" last_name="Garrett"
        email="nellie.garrett@sakilacustomer.org" address_id="242" active="t" />
    <customer id="239" store_id="2" first_name="Minnie" last_name="Romero"
        email="minnie.romero@sakilacustomer.org" address_id="243" active="t" />
    <customer id="240" store_id="1" first_name="Marlene" last_name="Welch"
        email="marlene.welch@sakilacustomer.org" address_id="244" active="t" />
    <customer id="241" store_id="2" first_name="Heidi" last_name="Larson"
        email="heidi.larson@sakilacustomer.org" address_id="245" active="t" />
    <customer id="242" store_id="1" first_name="Glenda" last_name="Frazier"
        email="glenda.frazier@sakilacustomer.org" address_id="246" active="t" />
    <customer id="243" store_id="1" first_name="Lydia" last_name="Burke"
        email="lydia.burke@sakilacustomer.org" address_id="247" active="t" />
    <customer id="244" store_id="2" first_name="Viola" last_name="Hanson"
        email="viola.hanson@sakilacustomer.org" address_id="248" active="t" />
    <customer id="245" store_id="1" first_name="Courtney" last_name="Day"
        email="courtney.day@sakilacustomer.org" address_id="249" active="t" />
    <customer id="246" store_id="1" first_name="Marian" last_name="Mendoza"
        email="marian.mendoza@sakilacustomer.org" address_id="250" active="t" />
    <customer id="247" store_id="1" first_name="Stella" last_name="Moreno"
        email="stella.moreno@sakilacustomer.org" address_id="251" active="t" />
    <customer id="248" store_id="1" first_name="Caroline" last_name="Bowman"
        email="caroline.bowman@sakilacustomer.org" address_id="252" active="t" />
    <customer id="249" store_id="2" first_name="Dora" last_name="Medina"
        email="dora.medina@sakilacustomer.org" address_id="253" active="t" />
    <customer id="250" store_id="2" first_name="Jo" last_name="Fowler"
        email="jo.fowler@sakilacustomer.org" address_id="254" active="t" />
    <customer id="251" store_id="2" first_name="Vickie" last_name="Brewer"
        email="vickie.brewer@sakilacustomer.org" address_id="255" active="t" />
    <customer id="252" store_id="2" first_name="Mattie" last_name="Hoffman"
        email="mattie.hoffman@sakilacustomer.org" address_id="256" active="t" />
    <customer id="253" store_id="1" first_name="Terry" last_name="Carlson"
        email="terry.carlson@sakilacustomer.org" address_id="258" active="t" />
    <customer id="254" store_id="2" first_name="Maxine" last_name="Silva"
        email="maxine.silva@sakilacustomer.org" address_id="259" active="t" />
    <customer id="255" store_id="2" first_name="Irma" last_name="Pearson"
        email="irma.pearson@sakilacustomer.org" address_id="260" active="t" />
    <customer id="256" store_id="2" first_name="Mabel" last_name="Holland"
        email="mabel.holland@sakilacustomer.org" address_id="261" active="t" />
    <customer id="257" store_id="2" first_name="Marsha" last_name="Douglas"
        email="marsha.douglas@sakilacustomer.org" address_id="262" active="t" />
    <customer id="258" store_id="1" first_name="Myrtle" last_name="Fleming"
        email="myrtle.fleming@sakilacustomer.org" address_id="263" active="t" />
    <customer id="259" store_id="2" first_name="Lena" last_name="Jensen"
        email="lena.jensen@sakilacustomer.org" address_id="264" active="t" />
    <customer id="260" store_id="1" first_name="Christy" last_name="Vargas"
        email="christy.vargas@sakilacustomer.org" address_id="265" active="t" />
    <customer id="261" store_id="1" first_name="Deanna" last_name="Byrd"
        email="deanna.byrd@sakilacustomer.org" address_id="266" active="t" />
    <customer id="262" store_id="2" first_name="Patsy" last_name="Davidson"
        email="patsy.davidson@sakilacustomer.org" address_id="267" active="t" />
    <customer id="263" store_id="1" first_name="Hilda" last_name="Hopkins"
        email="hilda.hopkins@sakilacustomer.org" address_id="268" active="t" />
    <customer id="264" store_id="1" first_name="Gwendolyn" last_name="May"
        email="gwendolyn.may@sakilacustomer.org" address_id="269" active="t" />
    <customer id="265" store_id="2" first_name="Jennie" last_name="Terry"
        email="jennie.terry@sakilacustomer.org" address_id="270" active="t" />
    <customer id="266" store_id="2" first_name="Nora" last_name="Herrera"
        email="nora.herrera@sakilacustomer.org" address_id="271" active="t" />
    <customer id="267" store_id="1" first_name="Margie" last_name="Wade"
        email="margie.wade@sakilacustomer.org" address_id="272" active="t" />
    <customer id="268" store_id="1" first_name="Nina" last_name="Soto"
        email="nina.soto@sakilacustomer.org" address_id="273" active="t" />
    <customer id="269" store_id="1" first_name="Cassandra" last_name="Walters"
        email="cassandra.walters@sakilacustomer.org" address_id="274" active="t" />
    <customer id="270" store_id="1" first_name="Leah" last_name="Curtis"
        email="leah.curtis@sakilacustomer.org" address_id="275" active="t" />
    <customer id="271" store_id="1" first_name="Penny" last_name="Neal"
        email="penny.neal@sakilacustomer.org" address_id="276" active="t" />
    <customer id="272" store_id="1" first_name="Kay" last_name="Caldwell"
        email="kay.caldwell@sakilacustomer.org" address_id="277" active="t" />
    <customer id="273" store_id="2" first_name="Priscilla" last_name="Lowe"
        email="priscilla.lowe@sakilacustomer.org" address_id="278" active="t" />
    <customer id="274" store_id="1" first_name="Naomi" last_name="Jennings"
        email="naomi.jennings@sakilacustomer.org" address_id="279" active="t" />
    <customer id="275" store_id="2" first_name="Carole" last_name="Barnett"
        email="carole.barnett@sakilacustomer.org" address_id="280" active="t" />
    <customer id="276" store_id="1" first_name="Brandy" last_name="Graves"
        email="brandy.graves@sakilacustomer.org" address_id="281" active="t" />
    <customer id="277" store_id="2" first_name="Olga" last_name="Jimenez"
        email="olga.jimenez@sakilacustomer.org" address_id="282" active="t" />
    <customer id="278" store_id="2" first_name="Billie" last_name="Horton"
        email="billie.horton@sakilacustomer.org" address_id="283" active="t" />
    <customer id="279" store_id="2" first_name="Dianne" last_name="Shelton"
        email="dianne.shelton@sakilacustomer.org" address_id="284" active="t" />
    <customer id="280" store_id="2" first_name="Tracey" last_name="Barrett"
        email="tracey.barrett@sakilacustomer.org" address_id="285" active="t" />
    <customer id="281" store_id="2" first_name="Leona" last_name="Obrien"
        email="leona.obrien@sakilacustomer.org" address_id="286" active="t" />
    <customer id="282" store_id="2" first_name="Jenny" last_name="Castro"
        email="jenny.castro@sakilacustomer.org" address_id="287" active="t" />
    <customer id="283" store_id="1" first_name="Felicia" last_name="Sutton"
        email="felicia.sutton@sakilacustomer.org" address_id="288" active="t" />
    <customer id="284" store_id="1" first_name="Sonia" last_name="Gregory"
        email="sonia.gregory@sakilacustomer.org" address_id="289" active="t" />
    <customer id="285" store_id="1" first_name="Miriam" last_name="Mckinney"
        email="miriam.mckinney@sakilacustomer.org" address_id="290" active="t" />
    <customer id="286" store_id="1" first_name="Velma" last_name="Lucas"
        email="velma.lucas@sakilacustomer.org" address_id="291" active="t" />
    <customer id="287" store_id="2" first_name="Becky" last_name="Miles"
        email="becky.miles@sakilacustomer.org" address_id="292" active="t" />
    <customer id="288" store_id="1" first_name="Bobbie" last_name="Craig"
        email="bobbie.craig@sakilacustomer.org" address_id="293" active="t" />
    <customer id="289" store_id="1" first_name="Violet" last_name="Rodriquez"
        email="violet.rodriquez@sakilacustomer.org" address_id="294" active="t" />
    <customer id="290" store_id="1" first_name="Kristina" last_name="Chambers"
        email="kristina.chambers@sakilacustomer.org" address_id="295" active="t" />
    <customer id="291" store_id="1" first_name="Toni" last_name="Holt"
        email="toni.holt@sakilacustomer.org" address_id="296" active="t" />
    <customer id="292" store_id="2" first_name="Misty" last_name="Lambert"
        email="misty.lambert@sakilacustomer.org" address_id="297" active="t" />
    <customer id="293" store_id="2" first_name="Mae" last_name="Fletcher"
        email="mae.fletcher@sakilacustomer.org" address_id="298" active="t" />
    <customer id="294" store_id="2" first_name="Shelly" last_name="Watts"
        email="shelly.watts@sakilacustomer.org" address_id="299" active="t" />
    <customer id="295" store_id="1" first_name="Daisy" last_name="Bates"
        email="daisy.bates@sakilacustomer.org" address_id="300" active="t" />
    <customer id="296" store_id="2" first_name="Ramona" last_name="Hale"
        email="ramona.hale@sakilacustomer.org" address_id="301" active="t" />
    <customer id="297" store_id="1" first_name="Sherri" last_name="Rhodes"
        email="sherri.rhodes@sakilacustomer.org" address_id="302" active="t" />
    <customer id="298" store_id="1" first_name="Erika" last_name="Pena"
        email="erika.pena@sakilacustomer.org" address_id="303" active="t" />
    <customer id="299" store_id="2" first_name="James" last_name="Gannon"
        email="james.gannon@sakilacustomer.org" address_id="304" active="t" />
    <customer id="300" store_id="1" first_name="John" last_name="Farnsworth"
        email="john.farnsworth@sakilacustomer.org" address_id="305" active="t" />
    <customer id="301" store_id="2" first_name="Robert" last_name="Baughman"
        email="robert.baughman@sakilacustomer.org" address_id="306" active="t" />
    <customer id="302" store_id="1" first_name="Michael" last_name="Silverman"
        email="michael.silverman@sakilacustomer.org" address_id="307" active="t" />
    <customer id="303" store_id="2" first_name="William" last_name="Satterfield"
        email="william.satterfield@sakilacustomer.org" address_id="308" active="t" />
    <customer id="304" store_id="2" first_name="David" last_name="Royal"
        email="david.royal@sakilacustomer.org" address_id="309" active="t" />
    <customer id="305" store_id="1" first_name="Richard" last_name="Mccrary"
        email="richard.mccrary@sakilacustomer.org" address_id="310" active="t" />
    <customer id="306" store_id="1" first_name="Charles" last_name="Kowalski"
        email="charles.kowalski@sakilacustomer.org" address_id="311" active="t" />
    <customer id="307" store_id="2" first_name="Joseph" last_name="Joy"
        email="joseph.joy@sakilacustomer.org" address_id="312" active="t" />
    <customer id="308" store_id="1" first_name="Thomas" last_name="Grigsby"
        email="thomas.grigsby@sakilacustomer.org" address_id="313" active="t" />
    <customer id="309" store_id="1" first_name="Christopher" last_name="Greco"
        email="christopher.greco@sakilacustomer.org" address_id="314" active="t" />
    <customer id="310" store_id="2" first_name="Daniel" last_name="Cabral"
        email="daniel.cabral@sakilacustomer.org" address_id="315" active="t" />
    <customer id="311" store_id="2" first_name="Paul" last_name="Trout"
        email="paul.trout@sakilacustomer.org" address_id="316" active="t" />
    <customer id="312" store_id="2" first_name="Mark" last_name="Rinehart"
        email="mark.rinehart@sakilacustomer.org" address_id="317" active="t" />
    <customer id="313" store_id="2" first_name="Donald" last_name="Mahon"
        email="donald.mahon@sakilacustomer.org" address_id="318" active="t" />
    <customer id="314" store_id="1" first_name="George" last_name="Linton"
        email="george.linton@sakilacustomer.org" address_id="319" active="t" />
    <customer id="315" store_id="2" first_name="Kenneth" last_name="Gooden"
        email="kenneth.gooden@sakilacustomer.org" address_id="320" active="t" />
    <customer id="316" store_id="1" first_name="Steven" last_name="Curley"
        email="steven.curley@sakilacustomer.org" address_id="321" active="t" />
    <customer id="317" store_id="2" first_name="Edward" last_name="Baugh"
        email="edward.baugh@sakilacustomer.org" address_id="322" active="t" />
    <customer id="318" store_id="1" first_name="Brian" last_name="Wyman"
        email="brian.wyman@sakilacustomer.org" address_id="323" active="t" />
    <customer id="319" store_id="2" first_name="Ronald" last_name="Weiner"
        email="ronald.weiner@sakilacustomer.org" address_id="324" active="t" />
    <customer id="320" store_id="2" first_name="Anthony" last_name="Schwab"
        email="anthony.schwab@sakilacustomer.org" address_id="325" active="t" />
    <customer id="321" store_id="1" first_name="Kevin" last_name="Schuler"
        email="kevin.schuler@sakilacustomer.org" address_id="326" active="t" />
    <customer id="322" store_id="1" first_name="Jason" last_name="Morrissey"
        email="jason.morrissey@sakilacustomer.org" address_id="327" active="t" />
    <customer id="323" store_id="2" first_name="Matthew" last_name="Mahan"
        email="matthew.mahan@sakilacustomer.org" address_id="328" active="t" />
    <customer id="324" store_id="2" first_name="Gary" last_name="Coy"
        email="gary.coy@sakilacustomer.org" address_id="329" active="t" />
    <customer id="325" store_id="1" first_name="Timothy" last_name="Bunn"
        email="timothy.bunn@sakilacustomer.org" address_id="330" active="t" />
    <customer id="326" store_id="1" first_name="Jose" last_name="Andrew"
        email="jose.andrew@sakilacustomer.org" address_id="331" active="t" />
    <customer id="327" store_id="2" first_name="Larry" last_name="Thrasher"
        email="larry.thrasher@sakilacustomer.org" address_id="332" active="t" />
    <customer id="328" store_id="2" first_name="Jeffrey" last_name="Spear"
        email="jeffrey.spear@sakilacustomer.org" address_id="333" active="t" />
    <customer id="329" store_id="2" first_name="Frank" last_name="Waggoner"
        email="frank.waggoner@sakilacustomer.org" address_id="334" active="t" />
    <customer id="330" store_id="1" first_name="Scott" last_name="Shelley"
        email="scott.shelley@sakilacustomer.org" address_id="335" active="t" />
    <customer id="331" store_id="1" first_name="Eric" last_name="Robert"
        email="eric.robert@sakilacustomer.org" address_id="336" active="t" />
    <customer id="332" store_id="1" first_name="Stephen" last_name="Qualls"
        email="stephen.qualls@sakilacustomer.org" address_id="337" active="t" />
    <customer id="333" store_id="2" first_name="Andrew" last_name="Purdy"
        email="andrew.purdy@sakilacustomer.org" address_id="338" active="t" />
    <customer id="334" store_id="2" first_name="Raymond" last_name="Mcwhorter"
        email="raymond.mcwhorter@sakilacustomer.org" address_id="339" active="t" />
    <customer id="335" store_id="1" first_name="Gregory" last_name="Mauldin"
        email="gregory.mauldin@sakilacustomer.org" address_id="340" active="t" />
    <customer id="336" store_id="1" first_name="Joshua" last_name="Mark"
        email="joshua.mark@sakilacustomer.org" address_id="341" active="t" />
    <customer id="337" store_id="1" first_name="Jerry" last_name="Jordon"
        email="jerry.jordon@sakilacustomer.org" address_id="342" active="t" />
    <customer id="338" store_id="1" first_name="Dennis" last_name="Gilman"
        email="dennis.gilman@sakilacustomer.org" address_id="343" active="t" />
    <customer id="339" store_id="2" first_name="Walter" last_name="Perryman"
        email="walter.perryman@sakilacustomer.org" address_id="344" active="t" />
    <customer id="340" store_id="1" first_name="Patrick" last_name="Newsom"
        email="patrick.newsom@sakilacustomer.org" address_id="345" active="t" />
    <customer id="341" store_id="1" first_name="Peter" last_name="Menard"
        email="peter.menard@sakilacustomer.org" address_id="346" active="t" />
    <customer id="342" store_id="1" first_name="Harold" last_name="Martino"
        email="harold.martino@sakilacustomer.org" address_id="347" active="t" />
    <customer id="343" store_id="1" first_name="Douglas" last_name="Graf"
        email="douglas.graf@sakilacustomer.org" address_id="348" active="t" />
    <customer id="344" store_id="1" first_name="Henry" last_name="Billingsley"
        email="henry.billingsley@sakilacustomer.org" address_id="349" active="t" />
    <customer id="345" store_id="1" first_name="Carl" last_name="Artis"
        email="carl.artis@sakilacustomer.org" address_id="350" active="t" />
    <customer id="346" store_id="1" first_name="Arthur" last_name="Simpkins"
        email="arthur.simpkins@sakilacustomer.org" address_id="351" active="t" />
    <customer id="347" store_id="2" first_name="Ryan" last_name="Salisbury"
        email="ryan.salisbury@sakilacustomer.org" address_id="352" active="t" />
    <customer id="348" store_id="2" first_name="Roger" last_name="Quintanilla"
        email="roger.quintanilla@sakilacustomer.org" address_id="353" active="t" />
    <customer id="349" store_id="2" first_name="Joe" last_name="Gilliland"
        email="joe.gilliland@sakilacustomer.org" address_id="354" active="t" />
    <customer id="350" store_id="1" first_name="Juan" last_name="Fraley"
        email="juan.fraley@sakilacustomer.org" address_id="355" active="t" />
    <customer id="351" store_id="1" first_name="Jack" last_name="Foust"
        email="jack.foust@sakilacustomer.org" address_id="356" active="t" />
    <customer id="352" store_id="1" first_name="Albert" last_name="Crouse"
        email="albert.crouse@sakilacustomer.org" address_id="357" active="t" />
    <customer id="353" store_id="1" first_name="Jonathan" last_name="Scarborough"
        email="jonathan.scarborough@sakilacustomer.org" address_id="358" active="t" />
    <customer id="354" store_id="2" first_name="Justin" last_name="Ngo"
        email="justin.ngo@sakilacustomer.org" address_id="359" active="t" />
    <customer id="355" store_id="2" first_name="Terry" last_name="Grissom"
        email="terry.grissom@sakilacustomer.org" address_id="360" active="t" />
    <customer id="356" store_id="2" first_name="Gerald" last_name="Fultz"
        email="gerald.fultz@sakilacustomer.org" address_id="361" active="t" />
    <customer id="357" store_id="1" first_name="Keith" last_name="Rico"
        email="keith.rico@sakilacustomer.org" address_id="362" active="t" />
    <customer id="358" store_id="2" first_name="Samuel" last_name="Marlow"
        email="samuel.marlow@sakilacustomer.org" address_id="363" active="t" />
    <customer id="359" store_id="2" first_name="Willie" last_name="Markham"
        email="willie.markham@sakilacustomer.org" address_id="364" active="t" />
    <customer id="360" store_id="2" first_name="Ralph" last_name="Madrigal"
        email="ralph.madrigal@sakilacustomer.org" address_id="365" active="t" />
    <customer id="361" store_id="2" first_name="Lawrence" last_name="Lawton"
        email="lawrence.lawton@sakilacustomer.org" address_id="366" active="t" />
    <customer id="362" store_id="1" first_name="Nicholas" last_name="Barfield"
        email="nicholas.barfield@sakilacustomer.org" address_id="367" active="t" />
    <customer id="363" store_id="2" first_name="Roy" last_name="Whiting"
        email="roy.whiting@sakilacustomer.org" address_id="368" active="t" />
    <customer id="364" store_id="1" first_name="Benjamin" last_name="Varney"
        email="benjamin.varney@sakilacustomer.org" address_id="369" active="t" />
    <customer id="365" store_id="2" first_name="Bruce" last_name="Schwarz"
        email="bruce.schwarz@sakilacustomer.org" address_id="370" active="t" />
    <customer id="366" store_id="1" first_name="Brandon" last_name="Huey"
        email="brandon.huey@sakilacustomer.org" address_id="371" active="t" />
    <customer id="367" store_id="1" first_name="Adam" last_name="Gooch"
        email="adam.gooch@sakilacustomer.org" address_id="372" active="t" />
    <customer id="368" store_id="1" first_name="Harry" last_name="Arce"
        email="harry.arce@sakilacustomer.org" address_id="373" active="t" />
    <customer id="369" store_id="2" first_name="Fred" last_name="Wheat"
        email="fred.wheat@sakilacustomer.org" address_id="374" active="t" />
    <customer id="370" store_id="2" first_name="Wayne" last_name="Truong"
        email="wayne.truong@sakilacustomer.org" address_id="375" active="t" />
    <customer id="371" store_id="1" first_name="Billy" last_name="Poulin"
        email="billy.poulin@sakilacustomer.org" address_id="376" active="t" />
    <customer id="372" store_id="2" first_name="Steve" last_name="Mackenzie"
        email="steve.mackenzie@sakilacustomer.org" address_id="377" active="t" />
    <customer id="373" store_id="1" first_name="Louis" last_name="Leone"
        email="louis.leone@sakilacustomer.org" address_id="378" active="t" />
    <customer id="374" store_id="2" first_name="Jeremy" last_name="Hurtado"
        email="jeremy.hurtado@sakilacustomer.org" address_id="379" active="t" />
    <customer id="375" store_id="2" first_name="Aaron" last_name="Selby"
        email="aaron.selby@sakilacustomer.org" address_id="380" active="t" />
    <customer id="376" store_id="1" first_name="Randy" last_name="Gaither"
        email="randy.gaither@sakilacustomer.org" address_id="381" active="t" />
    <customer id="377" store_id="1" first_name="Howard" last_name="Fortner"
        email="howard.fortner@sakilacustomer.org" address_id="382" active="t" />
    <customer id="378" store_id="1" first_name="Eugene" last_name="Culpepper"
        email="eugene.culpepper@sakilacustomer.org" address_id="383" active="t" />
    <customer id="379" store_id="1" first_name="Carlos" last_name="Coughlin"
        email="carlos.coughlin@sakilacustomer.org" address_id="384" active="t" />
    <customer id="380" store_id="1" first_name="Russell" last_name="Brinson"
        email="russell.brinson@sakilacustomer.org" address_id="385" active="t" />
    <customer id="381" store_id="2" first_name="Bobby" last_name="Boudreau"
        email="bobby.boudreau@sakilacustomer.org" address_id="386" active="t" />
    <customer id="382" store_id="2" first_name="Victor" last_name="Barkley"
        email="victor.barkley@sakilacustomer.org" address_id="387" active="t" />
    <customer id="383" store_id="1" first_name="Martin" last_name="Bales"
        email="martin.bales@sakilacustomer.org" address_id="388" active="t" />
    <customer id="384" store_id="2" first_name="Ernest" last_name="Stepp"
        email="ernest.stepp@sakilacustomer.org" address_id="389" active="t" />
    <customer id="385" store_id="1" first_name="Phillip" last_name="Holm"
        email="phillip.holm@sakilacustomer.org" address_id="390" active="t" />
    <customer id="386" store_id="1" first_name="Todd" last_name="Tan"
        email="todd.tan@sakilacustomer.org" address_id="391" active="t" />
    <customer id="387" store_id="2" first_name="Jesse" last_name="Schilling"
        email="jesse.schilling@sakilacustomer.org" address_id="392" active="t" />
    <customer id="388" store_id="2" first_name="Craig" last_name="Morrell"
        email="craig.morrell@sakilacustomer.org" address_id="393" active="t" />
    <customer id="389" store_id="1" first_name="Alan" last_name="Kahn"
        email="alan.kahn@sakilacustomer.org" address_id="394" active="t" />
    <customer id="390" store_id="1" first_name="Shawn" last_name="Heaton"
        email="shawn.heaton@sakilacustomer.org" address_id="395" active="t" />
    <customer id="391" store_id="1" first_name="Clarence" last_name="Gamez"
        email="clarence.gamez@sakilacustomer.org" address_id="396" active="t" />
    <customer id="392" store_id="2" first_name="Sean" last_name="Douglass"
        email="sean.douglass@sakilacustomer.org" address_id="397" active="t" />
    <customer id="393" store_id="1" first_name="Philip" last_name="Causey"
        email="philip.causey@sakilacustomer.org" address_id="398" active="t" />
    <customer id="394" store_id="2" first_name="Chris" last_name="Brothers"
        email="chris.brothers@sakilacustomer.org" address_id="399" active="t" />
    <customer id="395" store_id="2" first_name="Johnny" last_name="Turpin"
        email="johnny.turpin@sakilacustomer.org" address_id="400" active="t" />
    <customer id="396" store_id="1" first_name="Earl" last_name="Shanks"
        email="earl.shanks@sakilacustomer.org" address_id="401" active="t" />
    <customer id="397" store_id="1" first_name="Jimmy" last_name="Schrader"
        email="jimmy.schrader@sakilacustomer.org" address_id="402" active="t" />
    <customer id="398" store_id="1" first_name="Antonio" last_name="Meek"
        email="antonio.meek@sakilacustomer.org" address_id="403" active="t" />
    <customer id="399" store_id="1" first_name="Danny" last_name="Isom"
        email="danny.isom@sakilacustomer.org" address_id="404" active="t" />
    <customer id="400" store_id="2" first_name="Bryan" last_name="Hardison"
        email="bryan.hardison@sakilacustomer.org" address_id="405" active="t" />
    <customer id="401" store_id="2" first_name="Tony" last_name="Carranza"
        email="tony.carranza@sakilacustomer.org" address_id="406" active="t" />
    <customer id="402" store_id="1" first_name="Luis" last_name="Yanez"
        email="luis.yanez@sakilacustomer.org" address_id="407" active="t" />
    <customer id="403" store_id="1" first_name="Mike" last_name="Way"
        email="mike.way@sakilacustomer.org" address_id="408" active="t" />
    <customer id="404" store_id="2" first_name="Stanley" last_name="Scroggins"
        email="stanley.scroggins@sakilacustomer.org" address_id="409" active="t" />
    <customer id="405" store_id="1" first_name="Leonard" last_name="Schofield"
        email="leonard.schofield@sakilacustomer.org" address_id="410" active="t" />
    <customer id="406" store_id="1" first_name="Nathan" last_name="Runyon"
        email="nathan.runyon@sakilacustomer.org" address_id="411" active="t" />
    <customer id="407" store_id="1" first_name="Dale" last_name="Ratcliff"
        email="dale.ratcliff@sakilacustomer.org" address_id="412" active="t" />
    <customer id="408" store_id="1" first_name="Manuel" last_name="Murrell"
        email="manuel.murrell@sakilacustomer.org" address_id="413" active="t" />
    <customer id="409" store_id="2" first_name="Rodney" last_name="Moeller"
        email="rodney.moeller@sakilacustomer.org" address_id="414" active="t" />
    <customer id="410" store_id="2" first_name="Curtis" last_name="Irby"
        email="curtis.irby@sakilacustomer.org" address_id="415" active="t" />
    <customer id="411" store_id="1" first_name="Norman" last_name="Currier"
        email="norman.currier@sakilacustomer.org" address_id="416" active="t" />
    <customer id="412" store_id="2" first_name="Allen" last_name="Butterfield"
        email="allen.butterfield@sakilacustomer.org" address_id="417" active="t" />
    <customer id="413" store_id="2" first_name="Marvin" last_name="Yee"
        email="marvin.yee@sakilacustomer.org" address_id="418" active="t" />
    <customer id="414" store_id="1" first_name="Vincent" last_name="Ralston"
        email="vincent.ralston@sakilacustomer.org" address_id="419" active="t" />
    <customer id="415" store_id="1" first_name="Glenn" last_name="Pullen"
        email="glenn.pullen@sakilacustomer.org" address_id="420" active="t" />
    <customer id="416" store_id="2" first_name="Jeffery" last_name="Pinson"
        email="jeffery.pinson@sakilacustomer.org" address_id="421" active="t" />
    <customer id="417" store_id="1" first_name="Travis" last_name="Estep"
        email="travis.estep@sakilacustomer.org" address_id="422" active="t" />
    <customer id="418" store_id="2" first_name="Jeff" last_name="East"
        email="jeff.east@sakilacustomer.org" address_id="423" active="t" />
    <customer id="419" store_id="1" first_name="Chad" last_name="Carbone"
        email="chad.carbone@sakilacustomer.org" address_id="424" active="t" />
    <customer id="420" store_id="1" first_name="Jacob" last_name="Lance"
        email="jacob.lance@sakilacustomer.org" address_id="425" active="t" />
    <customer id="421" store_id="1" first_name="Lee" last_name="Hawks"
        email="lee.hawks@sakilacustomer.org" address_id="426" active="t" />
    <customer id="422" store_id="1" first_name="Melvin" last_name="Ellington"
        email="melvin.ellington@sakilacustomer.org" address_id="427" active="t" />
    <customer id="423" store_id="2" first_name="Alfred" last_name="Casillas"
        email="alfred.casillas@sakilacustomer.org" address_id="428" active="t" />
    <customer id="424" store_id="2" first_name="Kyle" last_name="Spurlock"
        email="kyle.spurlock@sakilacustomer.org" address_id="429" active="t" />
    <customer id="425" store_id="2" first_name="Francis" last_name="Sikes"
        email="francis.sikes@sakilacustomer.org" address_id="430" active="t" />
    <customer id="426" store_id="1" first_name="Bradley" last_name="Motley"
        email="bradley.motley@sakilacustomer.org" address_id="431" active="t" />
    <customer id="427" store_id="2" first_name="Jesus" last_name="Mccartney"
        email="jesus.mccartney@sakilacustomer.org" address_id="432" active="t" />
    <customer id="428" store_id="2" first_name="Herbert" last_name="Kruger"
        email="herbert.kruger@sakilacustomer.org" address_id="433" active="t" />
    <customer id="429" store_id="2" first_name="Frederick" last_name="Isbell"
        email="frederick.isbell@sakilacustomer.org" address_id="434" active="t" />
    <customer id="430" store_id="1" first_name="Ray" last_name="Houle"
        email="ray.houle@sakilacustomer.org" address_id="435" active="t" />
    <customer id="431" store_id="2" first_name="Joel" last_name="Francisco"
        email="joel.francisco@sakilacustomer.org" address_id="436" active="t" />
    <customer id="432" store_id="1" first_name="Edwin" last_name="Burk"
        email="edwin.burk@sakilacustomer.org" address_id="437" active="t" />
    <customer id="433" store_id="1" first_name="Don" last_name="Bone"
        email="don.bone@sakilacustomer.org" address_id="438" active="t" />
    <customer id="434" store_id="1" first_name="Eddie" last_name="Tomlin"
        email="eddie.tomlin@sakilacustomer.org" address_id="439" active="t" />
    <customer id="435" store_id="2" first_name="Ricky" last_name="Shelby"
        email="ricky.shelby@sakilacustomer.org" address_id="440" active="t" />
    <customer id="436" store_id="1" first_name="Troy" last_name="Quigley"
        email="troy.quigley@sakilacustomer.org" address_id="441" active="t" />
    <customer id="437" store_id="2" first_name="Randall" last_name="Neumann"
        email="randall.neumann@sakilacustomer.org" address_id="442" active="t" />
    <customer id="438" store_id="1" first_name="Barry" last_name="Lovelace"
        email="barry.lovelace@sakilacustomer.org" address_id="443" active="t" />
    <customer id="439" store_id="2" first_name="Alexander" last_name="Fennell"
        email="alexander.fennell@sakilacustomer.org" address_id="444" active="t" />
    <customer id="440" store_id="1" first_name="Bernard" last_name="Colby"
        email="bernard.colby@sakilacustomer.org" address_id="445" active="t" />
    <customer id="441" store_id="1" first_name="Mario" last_name="Cheatham"
        email="mario.cheatham@sakilacustomer.org" address_id="446" active="t" />
    <customer id="442" store_id="1" first_name="Leroy" last_name="Bustamante"
        email="leroy.bustamante@sakilacustomer.org" address_id="447" active="t" />
    <customer id="443" store_id="2" first_name="Francisco" last_name="Skidmore"
        email="francisco.skidmore@sakilacustomer.org" address_id="448" active="t" />
    <customer id="444" store_id="2" first_name="Marcus" last_name="Hidalgo"
        email="marcus.hidalgo@sakilacustomer.org" address_id="449" active="t" />
    <customer id="445" store_id="1" first_name="Micheal" last_name="Forman"
        email="micheal.forman@sakilacustomer.org" address_id="450" active="t" />
    <customer id="446" store_id="2" first_name="Theodore" last_name="Culp"
        email="theodore.culp@sakilacustomer.org" address_id="451" active="t" />
    <customer id="447" store_id="1" first_name="Clifford" last_name="Bowens"
        email="clifford.bowens@sakilacustomer.org" address_id="452" active="t" />
    <customer id="448" store_id="1" first_name="Miguel" last_name="Betancourt"
        email="miguel.betancourt@sakilacustomer.org" address_id="453" active="t" />
    <customer id="449" store_id="2" first_name="Oscar" last_name="Aquino"
        email="oscar.aquino@sakilacustomer.org" address_id="454" active="t" />
    <customer id="450" store_id="1" first_name="Jay" last_name="Robb"
        email="jay.robb@sakilacustomer.org" address_id="455" active="t" />
    <customer id="451" store_id="1" first_name="Jim" last_name="Rea"
        email="jim.rea@sakilacustomer.org" address_id="456" active="t" />
    <customer id="452" store_id="1" first_name="Tom" last_name="Milner"
        email="tom.milner@sakilacustomer.org" address_id="457" active="t" />
    <customer id="453" store_id="1" first_name="Calvin" last_name="Martel"
        email="calvin.martel@sakilacustomer.org" address_id="458" active="t" />
    <customer id="454" store_id="2" first_name="Alex" last_name="Gresham"
        email="alex.gresham@sakilacustomer.org" address_id="459" active="t" />
    <customer id="455" store_id="2" first_name="Jon" last_name="Wiles"
        email="jon.wiles@sakilacustomer.org" address_id="460" active="t" />
    <customer id="456" store_id="2" first_name="Ronnie" last_name="Ricketts"
        email="ronnie.ricketts@sakilacustomer.org" address_id="461" active="t" />
    <customer id="457" store_id="2" first_name="Bill" last_name="Gavin"
        email="bill.gavin@sakilacustomer.org" address_id="462" active="t" />
    <customer id="458" store_id="1" first_name="Lloyd" last_name="Dowd"
        email="lloyd.dowd@sakilacustomer.org" address_id="463" active="t" />
    <customer id="459" store_id="1" first_name="Tommy" last_name="Collazo"
        email="tommy.collazo@sakilacustomer.org" address_id="464" active="t" />
    <customer id="460" store_id="1" first_name="Leon" last_name="Bostic"
        email="leon.bostic@sakilacustomer.org" address_id="465" active="t" />
    <customer id="461" store_id="1" first_name="Derek" last_name="Blakely"
        email="derek.blakely@sakilacustomer.org" address_id="466" active="t" />
    <customer id="462" store_id="2" first_name="Warren" last_name="Sherrod"
        email="warren.sherrod@sakilacustomer.org" address_id="467" active="t" />
    <customer id="463" store_id="2" first_name="Darrell" last_name="Power"
        email="darrell.power@sakilacustomer.org" address_id="468" active="t" />
    <customer id="464" store_id="1" first_name="Jerome" last_name="Kenyon"
        email="jerome.kenyon@sakilacustomer.org" address_id="469" active="t" />
    <customer id="465" store_id="1" first_name="Floyd" last_name="Gandy"
        email="floyd.gandy@sakilacustomer.org" address_id="470" active="t" />
    <customer id="466" store_id="1" first_name="Leo" last_name="Ebert"
        email="leo.ebert@sakilacustomer.org" address_id="471" active="t" />
    <customer id="467" store_id="2" first_name="Alvin" last_name="Deloach"
        email="alvin.deloach@sakilacustomer.org" address_id="472" active="t" />
    <customer id="468" store_id="1" first_name="Tim" last_name="Cary"
        email="tim.cary@sakilacustomer.org" address_id="473" active="t" />
    <customer id="469" store_id="2" first_name="Wesley" last_name="Bull"
        email="wesley.bull@sakilacustomer.org" address_id="474" active="t" />
    <customer id="470" store_id="1" first_name="Gordon" last_name="Allard"
        email="gordon.allard@sakilacustomer.org" address_id="475" active="t" />
    <customer id="471" store_id="1" first_name="Dean" last_name="Sauer"
        email="dean.sauer@sakilacustomer.org" address_id="476" active="t" />
    <customer id="472" store_id="1" first_name="Greg" last_name="Robins"
        email="greg.robins@sakilacustomer.org" address_id="477" active="t" />
    <customer id="473" store_id="2" first_name="Jorge" last_name="Olivares"
        email="jorge.olivares@sakilacustomer.org" address_id="478" active="t" />
    <customer id="474" store_id="2" first_name="Dustin" last_name="Gillette"
        email="dustin.gillette@sakilacustomer.org" address_id="479" active="t" />
    <customer id="475" store_id="2" first_name="Pedro" last_name="Chestnut"
        email="pedro.chestnut@sakilacustomer.org" address_id="480" active="t" />
    <customer id="476" store_id="1" first_name="Derrick" last_name="Bourque"
        email="derrick.bourque@sakilacustomer.org" address_id="481" active="t" />
    <customer id="477" store_id="1" first_name="Dan" last_name="Paine"
        email="dan.paine@sakilacustomer.org" address_id="482" active="t" />
    <customer id="478" store_id="1" first_name="Lewis" last_name="Lyman"
        email="lewis.lyman@sakilacustomer.org" address_id="483" active="t" />
    <customer id="479" store_id="1" first_name="Zachary" last_name="Hite"
        email="zachary.hite@sakilacustomer.org" address_id="484" active="t" />
    <customer id="480" store_id="1" first_name="Corey" last_name="Hauser"
        email="corey.hauser@sakilacustomer.org" address_id="485" active="t" />
    <customer id="481" store_id="1" first_name="Herman" last_name="Devore"
        email="herman.devore@sakilacustomer.org" address_id="486" active="t" />
    <customer id="482" store_id="1" first_name="Maurice" last_name="Crawley"
        email="maurice.crawley@sakilacustomer.org" address_id="487" active="t" />
    <customer id="483" store_id="2" first_name="Vernon" last_name="Chapa"
        email="vernon.chapa@sakilacustomer.org" address_id="488" active="t" />
    <customer id="484" store_id="1" first_name="Roberto" last_name="Vu"
        email="roberto.vu@sakilacustomer.org" address_id="489" active="t" />
    <customer id="485" store_id="1" first_name="Clyde" last_name="Tobias"
        email="clyde.tobias@sakilacustomer.org" address_id="490" active="t" />
    <customer id="486" store_id="1" first_name="Glen" last_name="Talbert"
        email="glen.talbert@sakilacustomer.org" address_id="491" active="t" />
    <customer id="487" store_id="2" first_name="Hector" last_name="Poindexter"
        email="hector.poindexter@sakilacustomer.org" address_id="492" active="t" />
    <customer id="488" store_id="2" first_name="Shane" last_name="Millard"
        email="shane.millard@sakilacustomer.org" address_id="493" active="t" />
    <customer id="489" store_id="1" first_name="Ricardo" last_name="Meador"
        email="ricardo.meador@sakilacustomer.org" address_id="494" active="t" />
    <customer id="490" store_id="1" first_name="Sam" last_name="Mcduffie"
        email="sam.mcduffie@sakilacustomer.org" address_id="495" active="t" />
    <customer id="491" store_id="2" first_name="Rick" last_name="Mattox"
        email="rick.mattox@sakilacustomer.org" address_id="496" active="t" />
    <customer id="492" store_id="2" first_name="Lester" last_name="Kraus"
        email="lester.kraus@sakilacustomer.org" address_id="497" active="t" />
    <customer id="493" store_id="1" first_name="Brent" last_name="Harkins"
        email="brent.harkins@sakilacustomer.org" address_id="498" active="t" />
    <customer id="494" store_id="2" first_name="Ramon" last_name="Choate"
        email="ramon.choate@sakilacustomer.org" address_id="499" active="t" />
    <customer id="495" store_id="2" first_name="Charlie" last_name="Bess"
        email="charlie.bess@sakilacustomer.org" address_id="500" active="t" />
    <customer id="496" store_id="2" first_name="Tyler" last_name="Wren"
        email="tyler.wren@sakilacustomer.org" address_id="501" active="t" />
    <customer id="497" store_id="2" first_name="Gilbert" last_name="Sledge"
        email="gilbert.sledge@sakilacustomer.org" address_id="502" active="t" />
    <customer id="498" store_id="1" first_name="Gene" last_name="Sanborn"
        email="gene.sanborn@sakilacustomer.org" address_id="503" active="t" />
    <customer id="499" store_id="2" first_name="Marc" last_name="Outlaw"
        email="marc.outlaw@sakilacustomer.org" address_id="504" active="t" />
    <customer id="500" store_id="1" first_name="Reginald" last_name="Kinder"
        email="reginald.kinder@sakilacustomer.org" address_id="505" active="t" />
    <customer id="501" store_id="1" first_name="Ruben" last_name="Geary"
        email="ruben.geary@sakilacustomer.org" address_id="506" active="t" />
    <customer id="502" store_id="1" first_name="Brett" last_name="Cornwell"
        email="brett.cornwell@sakilacustomer.org" address_id="507" active="t" />
    <customer id="503" store_id="1" first_name="Angel" last_name="Barclay"
        email="angel.barclay@sakilacustomer.org" address_id="508" active="t" />
    <customer id="504" store_id="1" first_name="Nathaniel" last_name="Adam"
        email="nathaniel.adam@sakilacustomer.org" address_id="509" active="t" />
    <customer id="505" store_id="1" first_name="Rafael" last_name="Abney"
        email="rafael.abney@sakilacustomer.org" address_id="510" active="t" />
    <customer id="506" store_id="2" first_name="Leslie" last_name="Seward"
        email="leslie.seward@sakilacustomer.org" address_id="511" active="t" />
    <customer id="507" store_id="2" first_name="Edgar" last_name="Rhoads"
        email="edgar.rhoads@sakilacustomer.org" address_id="512" active="t" />
    <customer id="508" store_id="2" first_name="Milton" last_name="Howland"
        email="milton.howland@sakilacustomer.org" address_id="513" active="t" />
    <customer id="509" store_id="1" first_name="Raul" last_name="Fortier"
        email="raul.fortier@sakilacustomer.org" address_id="514" active="t" />
    <customer id="510" store_id="2" first_name="Ben" last_name="Easter"
        email="ben.easter@sakilacustomer.org" address_id="515" active="t" />
    <customer id="511" store_id="1" first_name="Chester" last_name="Benner"
        email="chester.benner@sakilacustomer.org" address_id="516" active="t" />
    <customer id="512" store_id="1" first_name="Cecil" last_name="Vines"
        email="cecil.vines@sakilacustomer.org" address_id="517" active="t" />
    <customer id="513" store_id="2" first_name="Duane" last_name="Tubbs"
        email="duane.tubbs@sakilacustomer.org" address_id="519" active="t" />
    <customer id="514" store_id="2" first_name="Franklin" last_name="Troutman"
        email="franklin.troutman@sakilacustomer.org" address_id="520" active="t" />
    <customer id="515" store_id="1" first_name="Andre" last_name="Rapp"
        email="andre.rapp@sakilacustomer.org" address_id="521" active="t" />
    <customer id="516" store_id="2" first_name="Elmer" last_name="Noe"
        email="elmer.noe@sakilacustomer.org" address_id="522" active="t" />
    <customer id="517" store_id="2" first_name="Brad" last_name="Mccurdy"
        email="brad.mccurdy@sakilacustomer.org" address_id="523" active="t" />
    <customer id="518" store_id="1" first_name="Gabriel" last_name="Harder"
        email="gabriel.harder@sakilacustomer.org" address_id="524" active="t" />
    <customer id="519" store_id="2" first_name="Ron" last_name="Deluca"
        email="ron.deluca@sakilacustomer.org" address_id="525" active="t" />
    <customer id="520" store_id="2" first_name="Mitchell" last_name="Westmoreland"
        email="mitchell.westmoreland@sakilacustomer.org" address_id="526" active="t" />
    <customer id="521" store_id="2" first_name="Roland" last_name="South"
        email="roland.south@sakilacustomer.org" address_id="527" active="t" />
    <customer id="522" store_id="2" first_name="Arnold" last_name="Havens"
        email="arnold.havens@sakilacustomer.org" address_id="528" active="t" />
    <customer id="523" store_id="1" first_name="Harvey" last_name="Guajardo"
        email="harvey.guajardo@sakilacustomer.org" address_id="529" active="t" />
    <customer id="525" store_id="2" first_name="Adrian" last_name="Clary"
        email="adrian.clary@sakilacustomer.org" address_id="531" active="t" />
    <customer id="526" store_id="2" first_name="Karl" last_name="Seal"
        email="karl.seal@sakilacustomer.org" address_id="532" active="t" />
    <customer id="527" store_id="1" first_name="Cory" last_name="Meehan"
        email="cory.meehan@sakilacustomer.org" address_id="533" active="t" />
    <customer id="528" store_id="1" first_name="Claude" last_name="Herzog"
        email="claude.herzog@sakilacustomer.org" address_id="534" active="t" />
    <customer id="529" store_id="2" first_name="Erik" last_name="Guillen"
        email="erik.guillen@sakilacustomer.org" address_id="535" active="t" />
    <customer id="530" store_id="2" first_name="Darryl" last_name="Ashcraft"
        email="darryl.ashcraft@sakilacustomer.org" address_id="536" active="t" />
    <customer id="531" store_id="2" first_name="Jamie" last_name="Waugh"
        email="jamie.waugh@sakilacustomer.org" address_id="537" active="t" />
    <customer id="532" store_id="2" first_name="Neil" last_name="Renner"
        email="neil.renner@sakilacustomer.org" address_id="538" active="t" />
    <customer id="533" store_id="1" first_name="Jessie" last_name="Milam"
        email="jessie.milam@sakilacustomer.org" address_id="539" active="t" />
    <customer id="534" store_id="1" first_name="Christian" last_name="Jung"
        email="christian.jung@sakilacustomer.org" address_id="540" active="t" />
    <customer id="535" store_id="1" first_name="Javier" last_name="Elrod"
        email="javier.elrod@sakilacustomer.org" address_id="541" active="t" />
    <customer id="536" store_id="2" first_name="Fernando" last_name="Churchill"
        email="fernando.churchill@sakilacustomer.org" address_id="542" active="t" />
    <customer id="537" store_id="2" first_name="Clinton" last_name="Buford"
        email="clinton.buford@sakilacustomer.org" address_id="543" active="t" />
    <customer id="538" store_id="2" first_name="Ted" last_name="Breaux"
        email="ted.breaux@sakilacustomer.org" address_id="544" active="t" />
    <customer id="539" store_id="1" first_name="Mathew" last_name="Bolin"
        email="mathew.bolin@sakilacustomer.org" address_id="545" active="t" />
    <customer id="540" store_id="1" first_name="Tyrone" last_name="Asher"
        email="tyrone.asher@sakilacustomer.org" address_id="546" active="t" />
    <customer id="541" store_id="2" first_name="Darren" last_name="Windham"
        email="darren.windham@sakilacustomer.org" address_id="547" active="t" />
    <customer id="542" store_id="2" first_name="Lonnie" last_name="Tirado"
        email="lonnie.tirado@sakilacustomer.org" address_id="548" active="t" />
    <customer id="543" store_id="1" first_name="Lance" last_name="Pemberton"
        email="lance.pemberton@sakilacustomer.org" address_id="549" active="t" />
    <customer id="544" store_id="2" first_name="Cody" last_name="Nolen"
        email="cody.nolen@sakilacustomer.org" address_id="550" active="t" />
    <customer id="545" store_id="2" first_name="Julio" last_name="Noland"
        email="julio.noland@sakilacustomer.org" address_id="551" active="t" />
    <customer id="546" store_id="1" first_name="Kelly" last_name="Knott"
        email="kelly.knott@sakilacustomer.org" address_id="552" active="t" />
    <customer id="547" store_id="1" first_name="Kurt" last_name="Emmons"
        email="kurt.emmons@sakilacustomer.org" address_id="553" active="t" />
    <customer id="548" store_id="1" first_name="Allan" last_name="Cornish"
        email="allan.cornish@sakilacustomer.org" address_id="554" active="t" />
    <customer id="549" store_id="1" first_name="Nelson" last_name="Christenson"
        email="nelson.christenson@sakilacustomer.org" address_id="555" active="t" />
    <customer id="550" store_id="2" first_name="Guy" last_name="Brownlee"
        email="guy.brownlee@sakilacustomer.org" address_id="556" active="t" />
    <customer id="551" store_id="2" first_name="Clayton" last_name="Barbee"
        email="clayton.barbee@sakilacustomer.org" address_id="557" active="t" />
    <customer id="552" store_id="2" first_name="Hugh" last_name="Waldrop"
        email="hugh.waldrop@sakilacustomer.org" address_id="558" active="t" />
    <customer id="553" store_id="1" first_name="Max" last_name="Pitt"
        email="max.pitt@sakilacustomer.org" address_id="559" active="t" />
    <customer id="554" store_id="1" first_name="Dwayne" last_name="Olvera"
        email="dwayne.olvera@sakilacustomer.org" address_id="560" active="t" />
    <customer id="555" store_id="1" first_name="Dwight" last_name="Lombardi"
        email="dwight.lombardi@sakilacustomer.org" address_id="561" active="t" />
    <customer id="556" store_id="2" first_name="Armando" last_name="Gruber"
        email="armando.gruber@sakilacustomer.org" address_id="562" active="t" />
    <customer id="557" store_id="1" first_name="Felix" last_name="Gaffney"
        email="felix.gaffney@sakilacustomer.org" address_id="563" active="t" />
    <customer id="558" store_id="1" first_name="Jimmie" last_name="Eggleston"
        email="jimmie.eggleston@sakilacustomer.org" address_id="564" active="t" />
    <customer id="559" store_id="2" first_name="Everett" last_name="Banda"
        email="everett.banda@sakilacustomer.org" address_id="565" active="t" />
    <customer id="560" store_id="1" first_name="Jordan" last_name="Archuleta"
        email="jordan.archuleta@sakilacustomer.org" address_id="566" active="t" />
    <customer id="561" store_id="2" first_name="Ian" last_name="Still"
        email="ian.still@sakilacustomer.org" address_id="567" active="t" />
    <customer id="562" store_id="1" first_name="Wallace" last_name="Slone"
        email="wallace.slone@sakilacustomer.org" address_id="568" active="t" />
    <customer id="563" store_id="2" first_name="Ken" last_name="Prewitt"
        email="ken.prewitt@sakilacustomer.org" address_id="569" active="t" />
    <customer id="564" store_id="2" first_name="Bob" last_name="Pfeiffer"
        email="bob.pfeiffer@sakilacustomer.org" address_id="570" active="t" />
    <customer id="565" store_id="2" first_name="Jaime" last_name="Nettles"
        email="jaime.nettles@sakilacustomer.org" address_id="571" active="t" />
    <customer id="566" store_id="1" first_name="Casey" last_name="Mena"
        email="casey.mena@sakilacustomer.org" address_id="572" active="t" />
    <customer id="567" store_id="2" first_name="Alfredo" last_name="Mcadams"
        email="alfredo.mcadams@sakilacustomer.org" address_id="573" active="t" />
    <customer id="568" store_id="2" first_name="Alberto" last_name="Henning"
        email="alberto.henning@sakilacustomer.org" address_id="574" active="t" />
    <customer id="569" store_id="2" first_name="Dave" last_name="Gardiner"
        email="dave.gardiner@sakilacustomer.org" address_id="575" active="t" />
    <customer id="570" store_id="2" first_name="Ivan" last_name="Cromwell"
        email="ivan.cromwell@sakilacustomer.org" address_id="576" active="t" />
    <customer id="571" store_id="2" first_name="Johnnie" last_name="Chisholm"
        email="johnnie.chisholm@sakilacustomer.org" address_id="577" active="t" />
    <customer id="572" store_id="1" first_name="Sidney" last_name="Burleson"
        email="sidney.burleson@sakilacustomer.org" address_id="578" active="t" />
    <customer id="573" store_id="1" first_name="Byron" last_name="Box"
        email="byron.box@sakilacustomer.org" address_id="579" active="t" />
    <customer id="574" store_id="2" first_name="Julian" last_name="Vest"
        email="julian.vest@sakilacustomer.org" address_id="580" active="t" />
    <customer id="575" store_id="2" first_name="Isaac" last_name="Oglesby"
        email="isaac.oglesby@sakilacustomer.org" address_id="581" active="t" />
    <customer id="576" store_id="2" first_name="Morris" last_name="Mccarter"
        email="morris.mccarter@sakilacustomer.org" address_id="582" active="t" />
    <customer id="577" store_id="2" first_name="Clifton" last_name="Malcolm"
        email="clifton.malcolm@sakilacustomer.org" address_id="583" active="t" />
    <customer id="578" store_id="2" first_name="Willard" last_name="Lumpkin"
        email="willard.lumpkin@sakilacustomer.org" address_id="584" active="t" />
    <customer id="579" store_id="2" first_name="Daryl" last_name="Larue"
        email="daryl.larue@sakilacustomer.org" address_id="585" active="t" />
    <customer id="580" store_id="1" first_name="Ross" last_name="Grey"
        email="ross.grey@sakilacustomer.org" address_id="586" active="t" />
    <customer id="581" store_id="1" first_name="Virgil" last_name="Wofford"
        email="virgil.wofford@sakilacustomer.org" address_id="587" active="t" />
    <customer id="582" store_id="2" first_name="Andy" last_name="Vanhorn"
        email="andy.vanhorn@sakilacustomer.org" address_id="588" active="t" />
    <customer id="583" store_id="1" first_name="Marshall" last_name="Thorn"
        email="marshall.thorn@sakilacustomer.org" address_id="589" active="t" />
    <customer id="584" store_id="2" first_name="Salvador" last_name="Teel"
        email="salvador.teel@sakilacustomer.org" address_id="590" active="t" />
    <customer id="585" store_id="1" first_name="Perry" last_name="Swafford"
        email="perry.swafford@sakilacustomer.org" address_id="591" active="t" />
    <customer id="586" store_id="1" first_name="Kirk" last_name="Stclair"
        email="kirk.stclair@sakilacustomer.org" address_id="592" active="t" />
    <customer id="587" store_id="1" first_name="Sergio" last_name="Stanfield"
        email="sergio.stanfield@sakilacustomer.org" address_id="593" active="t" />
    <customer id="588" store_id="1" first_name="Marion" last_name="Ocampo"
        email="marion.ocampo@sakilacustomer.org" address_id="594" active="t" />
    <customer id="589" store_id="1" first_name="Tracy" last_name="Herrmann"
        email="tracy.herrmann@sakilacustomer.org" address_id="595" active="t" />
    <customer id="590" store_id="2" first_name="Seth" last_name="Hannon"
        email="seth.hannon@sakilacustomer.org" address_id="596" active="t" />
    <customer id="591" store_id="1" first_name="Kent" last_name="Arsenault"
        email="kent.arsenault@sakilacustomer.org" address_id="597" active="t" />
    <customer id="592" store_id="1" first_name="Terrance" last_name="Roush"
        email="terrance.roush@sakilacustomer.org" address_id="598" active="t" />
    <customer id="593" store_id="2" first_name="Rene" last_name="Mcalister"
        email="rene.mcalister@sakilacustomer.org" address_id="599" active="t" />
    <customer id="594" store_id="1" first_name="Eduardo" last_name="Hiatt"
        email="eduardo.hiatt@sakilacustomer.org" address_id="600" active="t" />
    <customer id="595" store_id="1" first_name="Terrence" last_name="Gunderson"
        email="terrence.gunderson@sakilacustomer.org" address_id="601" active="t" />
    <customer id="596" store_id="1" first_name="Enrique" last_name="Forsythe"
        email="enrique.forsythe@sakilacustomer.org" address_id="602" active="t" />
    <customer id="597" store_id="1" first_name="Freddie" last_name="Duggan"
        email="freddie.duggan@sakilacustomer.org" address_id="603" active="t" />
    <customer id="598" store_id="1" first_name="Wade" last_name="Delvalle"
        email="wade.delvalle@sakilacustomer.org" address_id="604" active="t" />
    <customer id="599" store_id="2" first_name="Austin" last_name="Cintron"
        email="austin.cintron@sakilacustomer.org" address_id="605" active="t" />
</customers>