<html>
    <body>
        <ul>
            <li>AaronSelby</li>
            <li>AdamGooch</li>
            <li>AdrianClary</li>
            <li>AgnesBishop</li>
            <li>AlanKahn</li>
            <li>AlbertCrouse</li>
            <li>AlbertoHenning</li>
            <li>AlexGresham</li>
            <li>AlexanderFennell</li>
            <li>AlfredCasillas</li>
            <li>AlfredoMcadams</li>
            <li>AliceStewart</li>
            <li>AliciaMills</li>
            <li>AllanCornish</li>
            <li>AllenButterfield</li>
            <li>AllisonStanley</li>
            <li>AlmaAustin</li>
            <li>AlvinDeloach</li>
            <li>AmandaCarter</li>
            <li>AmberDixon</li>
            <li>AmyLopez</li>
            <li>AnaBradley</li>
            <li>AndreRapp</li>
            <li>AndreaHenderson</li>
            <li>AndrewPurdy</li>
            <li>AndyVanhorn</li>
            <li>AngelBarclay</li>
            <li>AngelaHernandez</li>
            <li>AnitaMorales</li>
            <li>AnnEvans</li>
            <li>AnnaHill</li>
            <li>AnnePowell</li>
            <li>AnnetteOlson</li>
            <li>AnnieRussell</li>
            <li>AnthonySchwab</li>
            <li>AntonioMeek</li>
            <li>AprilBurns</li>
            <li>ArleneHarvey</li>
            <li>ArmandoGruber</li>
            <li>ArnoldHavens</li>
            <li>ArthurSimpkins</li>
            <li>AshleyRichardson</li>
            <li>AudreyRay</li>
            <li>AustinCintron</li>
            <li>BarbaraJones</li>
            <li>BarryLovelace</li>
            <li>BeatriceArnold</li>
            <li>BeckyMiles</li>
            <li>BenEaster</li>
            <li>BenjaminVarney</li>
            <li>BernardColby</li>
            <li>BerniceWillis</li>
            <li>BerthaFerguson</li>
            <li>BessieMorrison</li>
            <li>BethFranklin</li>
            <li>BettyWhite</li>
            <li>BeverlyBrooks</li>
            <li>BillGavin</li>
            <li>BillieHorton</li>
            <li>BillyPoulin</li>
            <li>BobPfeiffer</li>
            <li>BobbieCraig</li>
            <li>BobbyBoudreau</li>
            <li>BonnieHughes</li>
            <li>BradMccurdy</li>
            <li>BradleyMotley</li>
            <li>BrandonHuey</li>
            <li>BrandyGraves</li>
            <li>BrendaWright</li>
            <li>BrentHarkins</li>
            <li>BrettCornwell</li>
            <li>BrianWyman</li>
            <li>BrittanyRiley</li>
            <li>BruceSchwarz</li>
            <li>BryanHardison</li>
            <li>ByronBox</li>
            <li>CalvinMartel</li>
            <li>CarlArtis</li>
            <li>CarlaGutierrez</li>
            <li>CarlosCoughlin</li>
            <li>CarmenOwens</li>
            <li>CarolGarcia</li>
            <li>CaroleBarnett</li>
            <li>CarolineBowman</li>
            <li>CarolynPerez</li>
            <li>CarriePorter</li>
            <li>CaseyMena</li>
            <li>CassandraWalters</li>
            <li>CatherineCampbell</li>
            <li>CathySpencer</li>
            <li>CecilVines</li>
            <li>ChadCarbone</li>
            <li>CharleneAlvarez</li>
            <li>CharlesKowalski</li>
            <li>CharlieBess</li>
            <li>CharlotteHunter</li>
            <li>CherylMurphy</li>
            <li>ChesterBenner</li>
            <li>ChrisBrothers</li>
            <li>ChristianJung</li>
            <li>ChristinaRamirez</li>
            <li>ChristineRoberts</li>
            <li>ChristopherGreco</li>
            <li>ChristyVargas</li>
            <li>CindyFisher</li>
            <li>ClaraShaw</li>
            <li>ClarenceGamez</li>
            <li>ClaudeHerzog</li>
            <li>ClaudiaFuller</li>
            <li>ClaytonBarbee</li>
            <li>CliffordBowens</li>
            <li>CliftonMalcolm</li>
            <li>ClintonBuford</li>
            <li>ClydeTobias</li>
            <li>CodyNolen</li>
            <li>ColleenBurton</li>
            <li>ConnieWallace</li>
            <li>ConstanceReid</li>
            <li>CoreyHauser</li>
            <li>CoryMeehan</li>
            <li>CourtneyDay</li>
            <li>CraigMorrell</li>
            <li>CrystalFord</li>
            <li>CurtisIrby</li>
            <li>CynthiaYoung</li>
            <li>DaisyBates</li>
            <li>DaleRatcliff</li>
            <li>DanPaine</li>
            <li>DanaHart</li>
            <li>DanielCabral</li>
            <li>DanielleDaniels</li>
            <li>DannyIsom</li>
            <li>DarleneRose</li>
            <li>DarrellPower</li>
            <li>DarrenWindham</li>
            <li>DarrylAshcraft</li>
            <li>DarylLarue</li>
            <li>DaveGardiner</li>
            <li>DavidRoyal</li>
            <li>DawnSullivan</li>
            <li>DeanSauer</li>
            <li>DeannaByrd</li>
            <li>DebbieReyes</li>
            <li>DeborahWalker</li>
            <li>DebraNelson</li>
            <li>DeloresHansen</li>
            <li>DeniseKelly</li>
            <li>DennisGilman</li>
            <li>DerekBlakely</li>
            <li>DerrickBourque</li>
            <li>DianaAlexander</li>
            <li>DianeCollins</li>
            <li>DianneShelton</li>
            <li>DoloresWagner</li>
            <li>DonBone</li>
            <li>DonaldMahon</li>
            <li>DonnaThompson</li>
            <li>DoraMedina</li>
            <li>DorisReed</li>
            <li>DorothyTaylor</li>
            <li>DouglasGraf</li>
            <li>DuaneTubbs</li>
            <li>DustinGillette</li>
            <li>DwayneOlvera</li>
            <li>DwightLombardi</li>
            <li>EarlShanks</li>
            <li>EddieTomlin</li>
            <li>EdgarRhoads</li>
            <li>EdithMcdonald</li>
            <li>EdnaWest</li>
            <li>EduardoHiatt</li>
            <li>EdwardBaugh</li>
            <li>EdwinBurk</li>
            <li>EileenCarr</li>
            <li>ElaineStevens</li>
            <li>EleanorHunt</li>
            <li>ElizabethBrown</li>
            <li>EllaOliver</li>
            <li>EllenSimpson</li>
            <li>ElmerNoe</li>
            <li>ElsieKelley</li>
            <li>EmilyDiaz</li>
            <li>EmmaBoyd</li>
            <li>EnriqueForsythe</li>
            <li>EricRobert</li>
            <li>EricaMatthews</li>
            <li>ErikGuillen</li>
            <li>ErikaPena</li>
            <li>ErinDunn</li>
            <li>ErnestStepp</li>
            <li>EstherCrawford</li>
            <li>EthelWebb</li>
            <li>EugeneCulpepper</li>
            <li>EvaRamos</li>
            <li>EvelynMorgan</li>
            <li>EverettBanda</li>
            <li>FeliciaSutton</li>
            <li>FelixGaffney</li>
            <li>FernandoChurchill</li>
            <li>FlorenceWoods</li>
            <li>FloydGandy</li>
            <li>FrancesParker</li>
            <li>FrancisSikes</li>
            <li>FranciscoSkidmore</li>
            <li>FrankWaggoner</li>
            <li>FranklinTroutman</li>
            <li>FredWheat</li>
            <li>FreddieDuggan</li>
            <li>FrederickIsbell</li>
            <li>GabrielHarder</li>
            <li>GailKnight</li>
            <li>GaryCoy</li>
            <li>GeneSanborn</li>
            <li>GeorgeLinton</li>
            <li>GeorgiaJacobs</li>
            <li>GeraldFultz</li>
            <li>GeraldinePerkins</li>
            <li>GertrudeCastillo</li>
            <li>GilbertSledge</li>
            <li>GinaWilliamson</li>
            <li>GladysHamilton</li>
            <li>GlenTalbert</li>
            <li>GlendaFrazier</li>
            <li>GlennPullen</li>
            <li>GloriaCook</li>
            <li>GordonAllard</li>
            <li>GraceEllis</li>
            <li>GregRobins</li>
            <li>GregoryMauldin</li>
            <li>GuyBrownlee</li>
            <li>GwendolynMay</li>
            <li>HaroldMartino</li>
            <li>HarryArce</li>
            <li>HarveyGuajardo</li>
            <li>HazelWarren</li>
            <li>HeatherMorris</li>
            <li>HectorPoindexter</li>
            <li>HeidiLarson</li>
            <li>HelenHarris</li>
            <li>HenryBillingsley</li>
            <li>HerbertKruger</li>
            <li>HermanDevore</li>
            <li>HildaHopkins</li>
            <li>HollyFox</li>
            <li>HowardFortner</li>
            <li>HughWaldrop</li>
            <li>IanStill</li>
            <li>IdaAndrews</li>
            <li>IrenePrice</li>
            <li>IrmaPearson</li>
            <li>IsaacOglesby</li>
            <li>IvanCromwell</li>
            <li>JackFoust</li>
            <li>JackieLynch</li>
            <li>JacobLance</li>
            <li>JacquelineLong</li>
            <li>JaimeNettles</li>
            <li>JamesGannon</li>
            <li>JamieRice</li>
            <li>JamieWaugh</li>
            <li>JaneBennett</li>
            <li>JanetPhillips</li>
            <li>JaniceWard</li>
            <li>JaredEly</li>
            <li>JasonMorrissey</li>
            <li>JavierElrod</li>
            <li>JayRobb</li>
            <li>JeanBell</li>
            <li>JeanetteGreene</li>
            <li>JeanneLawson</li>
            <li>JeffEast</li>
            <li>JefferyPinson</li>
            <li>JeffreySpear</li>
            <li>JennieTerry</li>
            <li>JenniferDavis</li>
            <li>JennyCastro</li>
            <li>JeremyHurtado</li>
            <li>JeromeKenyon</li>
            <li>JerryJordon</li>
            <li>JesseSchilling</li>
            <li>JessicaHall</li>
            <li>JessieBanks</li>
            <li>JessieMilam</li>
            <li>JesusMccartney</li>
            <li>JillHawkins</li>
            <li>JimRea</li>
            <li>JimmieEggleston</li>
            <li>JimmySchrader</li>
            <li>JoFowler</li>
            <li>JoanCooper</li>
            <li>JoannGardner</li>
            <li>JoanneRobertson</li>
            <li>JoeGilliland</li>
            <li>JoelFrancisco</li>
            <li>JohnFarnsworth</li>
            <li>JohnnieChisholm</li>
            <li>JohnnyTurpin</li>
            <li>JonWiles</li>
            <li>JonathanScarborough</li>
            <li>JordanArchuleta</li>
            <li>JorgeOlivares</li>
            <li>JoseAndrew</li>
            <li>JosephJoy</li>
            <li>JosephineGomez</li>
            <li>JoshuaMark</li>
            <li>JoyGeorge</li>
            <li>JoyceEdwards</li>
            <li>JuanFraley</li>
            <li>JuanitaMason</li>
            <li>JudithCox</li>
            <li>JudyGray</li>
            <li>JuliaFlores</li>
            <li>JulianVest</li>
            <li>JulieSanchez</li>
            <li>JulioNoland</li>
            <li>JuneCarroll</li>
            <li>JustinNgo</li>
            <li>KarenJackson</li>
            <li>KarlSeal</li>
            <li>KatherineRivera</li>
            <li>KathleenAdams</li>
            <li>KathrynColeman</li>
            <li>KathyJames</li>
            <li>KatieElliott</li>
            <li>KayCaldwell</li>
            <li>KeithRico</li>
            <li>KellyTorres</li>
            <li>KellyKnott</li>
            <li>KenPrewitt</li>
            <li>KennethGooden</li>
            <li>KentArsenault</li>
            <li>KevinSchuler</li>
            <li>KimCruz</li>
            <li>KimberlyLee</li>
            <li>KirkStclair</li>
            <li>KristenChavez</li>
            <li>KristinJohnston</li>
            <li>KristinaChambers</li>
            <li>KurtEmmons</li>
            <li>KyleSpurlock</li>
            <li>LancePemberton</li>
            <li>LarryThrasher</li>
            <li>LauraRodriguez</li>
            <li>LaurenHudson</li>
            <li>LaurieLawrence</li>
            <li>LawrenceLawton</li>
            <li>LeahCurtis</li>
            <li>LeeHawks</li>
            <li>LenaJensen</li>
            <li>LeoEbert</li>
            <li>LeonBostic</li>
            <li>LeonaObrien</li>
            <li>LeonardSchofield</li>
            <li>LeroyBustamante</li>
            <li>LeslieGordon</li>
            <li>LeslieSeward</li>
            <li>LesterKraus</li>
            <li>LewisLyman</li>
            <li>LillianGriffin</li>
            <li>LillieKim</li>
            <li>LindaWilliams</li>
            <li>LisaAnderson</li>
            <li>LloydDowd</li>
            <li>LoisButler</li>
            <li>LonnieTirado</li>
            <li>LorettaCarpenter</li>
            <li>LoriWood</li>
            <li>LorraineStephens</li>
            <li>LouisLeone</li>
            <li>LouiseJenkins</li>
            <li>LucilleHolmes</li>
            <li>LucyWheeler</li>
            <li>LuisYanez</li>
            <li>LydiaBurke</li>
            <li>LynnPayne</li>
            <li>MabelHolland</li>
            <li>MaeFletcher</li>
            <li>ManuelMurrell</li>
            <li>MarcOutlaw</li>
            <li>MarciaDean</li>
            <li>MarcusHidalgo</li>
            <li>MargaretMoore</li>
            <li>MargieWade</li>
            <li>MariaMiller</li>
            <li>MarianMendoza</li>
            <li>MarieTurner</li>
            <li>MarilynRoss</li>
            <li>MarioCheatham</li>
            <li>MarionSnyder</li>
            <li>MarionOcampo</li>
            <li>MarjorieTucker</li>
            <li>MarkRinehart</li>
            <li>MarleneWelch</li>
            <li>MarshaDouglas</li>
            <li>MarshallThorn</li>
            <li>MarthaGonzalez</li>
            <li>MartinBales</li>
            <li>MarvinYee</li>
            <li>MarySmith</li>
            <li>MathewBolin</li>
            <li>MatthewMahan</li>
            <li>MattieHoffman</li>
            <li>MaureenLittle</li>
            <li>MauriceCrawley</li>
            <li>MaxPitt</li>
            <li>MaxineSilva</li>
            <li>MeganPalmer</li>
            <li>MelanieArmstrong</li>
            <li>MelindaFernandez</li>
            <li>MelissaKing</li>
            <li>MelvinEllington</li>
            <li>MichaelSilverman</li>
            <li>MichealForman</li>
            <li>MicheleGrant</li>
            <li>MichelleClark</li>
            <li>MiguelBetancourt</li>
            <li>MikeWay</li>
            <li>MildredBailey</li>
            <li>MiltonHowland</li>
            <li>MinnieRomero</li>
            <li>MiriamMckinney</li>
            <li>MistyLambert</li>
            <li>MitchellWestmoreland</li>
            <li>MonicaHicks</li>
            <li>MorrisMccarter</li>
            <li>MyrtleFleming</li>
            <li>NancyThomas</li>
            <li>NaomiJennings</li>
            <li>NatalieMeyer</li>
            <li>NathanRunyon</li>
            <li>NathanielAdam</li>
            <li>NeilRenner</li>
            <li>NellieGarrett</li>
            <li>NelsonChristenson</li>
            <li>NicholasBarfield</li>
            <li>NicolePeterson</li>
            <li>NinaSoto</li>
            <li>NoraHerrera</li>
            <li>NormaGonzales</li>
            <li>NormanCurrier</li>
            <li>OlgaJimenez</li>
            <li>OscarAquino</li>
            <li>PamelaBaker</li>
            <li>PatriciaJohnson</li>
            <li>PatrickNewsom</li>
            <li>PatsyDavidson</li>
            <li>PaulTrout</li>
            <li>PaulaBryant</li>
            <li>PaulineHenry</li>
            <li>PearlGarza</li>
            <li>PedroChestnut</li>
            <li>PeggyMyers</li>
            <li>PennyNeal</li>
            <li>PerrySwafford</li>
            <li>PeterMenard</li>
            <li>PhilipCausey</li>
            <li>PhillipHolm</li>
            <li>PhyllisFoster</li>
            <li>PriscillaLowe</li>
            <li>RachelBarnes</li>
            <li>RafaelAbney</li>
            <li>RalphMadrigal</li>
            <li>RamonChoate</li>
            <li>RamonaHale</li>
            <li>RandallNeumann</li>
            <li>RandyGaither</li>
            <li>RaulFortier</li>
            <li>RayHoule</li>
            <li>RaymondMcwhorter</li>
            <li>RebeccaScott</li>
            <li>ReginaBerry</li>
            <li>ReginaldKinder</li>
            <li>ReneMcalister</li>
            <li>ReneeLane</li>
            <li>RhondaKennedy</li>
            <li>RicardoMeador</li>
            <li>RichardMccrary</li>
            <li>RickMattox</li>
            <li>RickyShelby</li>
            <li>RitaGraham</li>
            <li>RobertBaughman</li>
            <li>RobertaHarper</li>
            <li>RobertoVu</li>
            <li>RobinHayes</li>
            <li>RodneyMoeller</li>
            <li>RogerQuintanilla</li>
            <li>RolandSouth</li>
            <li>RonDeluca</li>
            <li>RonaldWeiner</li>
            <li>RonnieRicketts</li>
            <li>RosaReynolds</li>
            <li>RoseHoward</li>
            <li>RosemarySchmidt</li>
            <li>RossGrey</li>
            <li>RoyWhiting</li>
            <li>RubenGeary</li>
            <li>RubyWashington</li>
            <li>RussellBrinson</li>
            <li>RuthMartinez</li>
            <li>RyanSalisbury</li>
            <li>SallyPierce</li>
            <li>SalvadorTeel</li>
            <li>SamMcduffie</li>
            <li>SamanthaDuncan</li>
            <li>SamuelMarlow</li>
            <li>SandraMartin</li>
            <li>SaraPerry</li>
            <li>SarahLewis</li>
            <li>ScottShelley</li>
            <li>SeanDouglass</li>
            <li>SergioStanfield</li>
            <li>SethHannon</li>
            <li>ShaneMillard</li>
            <li>ShannonFreeman</li>
            <li>SharonRobinson</li>
            <li>ShawnHeaton</li>
            <li>SheilaWells</li>
            <li>ShellyWatts</li>
            <li>SherriRhodes</li>
            <li>SherryMarshall</li>
            <li>ShirleyAllen</li>
            <li>SidneyBurleson</li>
            <li>SoniaGregory</li>
            <li>StaceyMontgomery</li>
            <li>StacyCunningham</li>
            <li>StanleyScroggins</li>
            <li>StellaMoreno</li>
            <li>StephanieMitchell</li>
            <li>StephenQualls</li>
            <li>SteveMackenzie</li>
            <li>StevenCurley</li>
            <li>SuePeters</li>
            <li>SusanWilson</li>
            <li>SuzanneNichols</li>
            <li>SylviaOrtiz</li>
            <li>TamaraNguyen</li>
            <li>TammySanders</li>
            <li>TanyaGilbert</li>
            <li>TaraRyan</li>
            <li>TedBreaux</li>
            <li>TeresaRogers</li>
            <li>TerranceRoush</li>
            <li>TerrenceGunderson</li>
            <li>TerriVasquez</li>
            <li>TerryCarlson</li>
            <li>TerryGrissom</li>
            <li>ThelmaMurray</li>
            <li>TheodoreCulp</li>
            <li>TheresaWatson</li>
            <li>ThomasGrigsby</li>
            <li>TiffanyJordan</li>
            <li>TimCary</li>
            <li>TimothyBunn</li>
            <li>TinaSimmons</li>
            <li>ToddTan</li>
            <li>TomMilner</li>
            <li>TommyCollazo</li>
            <li>ToniHolt</li>
            <li>TonyCarranza</li>
            <li>TonyaChapman</li>
            <li>TraceyBarrett</li>
            <li>TracyCole</li>
            <li>TracyHerrmann</li>
            <li>TravisEstep</li>
            <li>TroyQuigley</li>
            <li>TylerWren</li>
            <li>TyroneAsher</li>
            <li>ValerieBlack</li>
            <li>VanessaSims</li>
            <li>VelmaLucas</li>
            <li>VeraMccoy</li>
            <li>VernonChapa</li>
            <li>VeronicaStone</li>
            <li>VickiFields</li>
            <li>VickieBrewer</li>
            <li>VictorBarkley</li>
            <li>VictoriaGibson</li>
            <li>VincentRalston</li>
            <li>ViolaHanson</li>
            <li>VioletRodriquez</li>
            <li>VirgilWofford</li>
            <li>VirginiaGreen</li>
            <li>VivianRuiz</li>
            <li>WadeDelvalle</li>
            <li>WallaceSlone</li>
            <li>WalterPerryman</li>
            <li>WandaPatterson</li>
            <li>WarrenSherrod</li>
            <li>WayneTruong</li>
            <li>WendyHarrison</li>
            <li>WesleyBull</li>
            <li>WillardLumpkin</li>
            <li>WilliamSatterfield</li>
            <li>WillieHowell</li>
            <li>WillieMarkham</li>
            <li>WilmaRichards</li>
            <li>YolandaWeaver</li>
            <li>YvonneWatkins</li>
            <li>ZacharyHite</li>
        </ul>
    </body>
</html>